Student_ID,Study_Hours_Per_Day,Extracurricular_Hours_Per_Day,Sleep_Hours_Per_Day,Social_Hours_Per_Day,Physical_Activity_Hours_Per_Day,GPA,Stress_Level
S0001,4.6,4.8,8.1,3.6,0.8,4.0,Medium
S0002,6.9,0.4,10.0,5.2,0.9,3.8,Medium
S0003,3.4,1.3,6.1,3.2,1.4,4.0,Low
S0004,3.1,1.6,6.4,2.9,2.4,3.54,Low
S0005,3.6,2.4,7.4,0.9,1.8,4.0,Low
S0006,2.8,3.1,6.8,1.4,1.5,2.78,Low
S0007,2.1,4.4,5.9,4.0,1.1,3.13,Medium
S0008,3.5,5.1,8.3,6.3,2.9,4.0,Medium
S0009,6.1,4.5,4.7,1.8,0.4,2.6,High
S0010,4.0,3.8,6.4,2.1,1.7,3.53,Low
S0011,3.2,3.7,4.5,7.2,2.3,3.17,Medium
S0012,7.1,3.5,4.5,2.5,0.7,2.47,High
S0013,8.5,2.8,6.3,1.0,1.1,3.65,Low
S0014,6.4,4.3,6.9,1.4,2.1,3.73,Low
S0015,7.4,2.6,8.3,3.1,1.6,3.48,Low
S0016,2.9,0.5,7.6,2.3,1.6,2.98,Low
S0017,9.1,1.5,6.6,4.6,1.0,3.04,Medium
S0018,3.3,4.6,8.5,3.8,2.8,4.0,Low
S0019,7.8,1.3,9.1,3.3,2.5,3.01,Low
S0020,2.9,1.4,6.7,5.0,2.7,2.5,Low
S0021,1.5,2.4,6.7,1.9,0.7,1.84,Low
S0022,4.3,2.4,7.9,2.5,3.4,4.0,Low
S0023,10.2,1.5,7.0,2.2,1.1,3.83,Medium
S0024,5.4,0.7,6.0,5.9,1.0,3.67,Low
S0025,3.2,2.3,10.3,2.0,2.0,3.77,Low
S0026,7.1,1.9,7.6,3.8,1.6,3.83,Low
S0027,2.7,3.9,6.2,1.7,0.4,2.71,Low
S0028,1.7,2.4,5.7,3.9,0.8,1.76,Medium
S0029,6.8,1.9,9.6,1.5,1.2,3.89,Low
S0030,6.5,3.8,7.2,3.2,1.0,4.0,Low
S0031,2.8,4.3,9.2,3.8,1.2,2.69,Medium
S0032,9.0,4.3,8.3,3.9,0.6,3.04,Medium
S0033,3.3,4.3,7.5,0.4,0.6,4.0,Medium
S0034,6.8,2.9,5.7,4.3,1.0,3.43,Medium
S0035,4.3,3.4,7.7,5.3,2.0,4.0,Low
S0036,4.5,1.5,5.8,6.9,1.3,3.84,Medium
S0037,8.9,2.8,8.4,3.1,1.7,3.18,Low
S0038,7.1,1.6,3.9,3.9,0.8,1.99,High
S0039,9.7,4.9,9.3,2.5,0.2,2.96,High
S0040,10.3,5.0,8.8,2.2,1.3,3.52,High
S0041,8.4,1.7,5.3,3.4,3.1,3.29,Medium
S0042,2.8,2.8,10.4,1.5,1.6,3.03,Low
S0043,8.7,3.4,7.9,4.2,1.2,3.87,Low
S0044,7.9,4.1,9.3,3.2,1.6,2.92,Medium
S0045,7.8,2.9,7.9,4.9,2.9,3.25,Low
S0046,2.8,2.6,4.1,2.9,1.7,1.25,Medium
S0047,4.1,2.7,4.0,0.8,2.5,2.73,Medium
S0048,5.5,3.5,5.6,3.7,0.6,3.4,Medium
S0049,2.3,2.4,7.2,3.8,2.2,2.8,Low
S0050,4.3,3.6,5.9,2.8,0.6,3.83,Medium
S0051,1.9,5.0,8.7,4.2,1.3,1.7,Medium
S0052,3.9,2.5,8.0,4.0,1.1,4.0,Low
S0053,10.0,3.3,7.2,3.7,1.4,3.38,Medium
S0054,7.4,0.4,4.9,0.9,0.4,1.62,High
S0055,8.4,3.2,6.9,1.3,1.5,2.91,Low
S0056,4.9,2.0,7.5,3.8,0.4,3.97,Low
S0057,4.6,2.8,7.0,5.4,2.0,4.0,Low
S0058,6.0,4.7,7.3,2.6,1.9,4.0,Low
S0059,5.1,2.5,9.6,2.6,3.3,3.85,Low
S0060,4.3,4.0,3.9,5.0,1.1,3.06,Medium
S0061,3.0,3.1,7.6,5.6,2.2,4.0,Low
S0062,3.4,3.4,8.5,7.3,1.3,4.0,Low
S0063,4.6,3.5,6.3,6.2,2.7,4.0,Low
S0064,7.4,1.0,9.2,3.1,2.6,2.97,Low
S0065,4.3,4.3,6.5,0.4,2.9,3.72,Medium
S0066,9.9,4.8,7.3,3.8,1.4,3.42,High
S0067,4.1,1.7,7.8,4.6,2.4,4.0,Low
S0068,5.7,2.1,9.1,2.4,0.7,3.7,Low
S0069,3.2,3.5,7.5,1.3,0.6,4.0,Low
S0070,8.0,3.2,4.6,1.2,3.6,2.56,Medium
S0071,4.6,1.9,8.6,6.4,3.6,3.6,Low
S0072,2.7,3.5,7.2,2.7,2.9,3.41,Low
S0073,2.9,2.3,3.6,2.9,0.5,1.78,Medium
S0074,5.9,5.0,6.5,2.1,2.7,4.0,Low
S0075,3.7,5.0,3.6,6.8,0.4,2.72,High
S0076,11.2,0.8,7.2,6.8,1.6,3.9,Medium
S0077,6.3,3.1,6.8,3.8,1.8,3.77,Low
S0078,6.2,1.6,5.5,2.9,1.2,4.0,Medium
S0079,5.9,0.8,10.1,7.2,2.1,3.23,Low
S0080,8.0,3.1,5.3,5.9,2.5,3.21,Medium
S0081,9.9,3.3,7.5,2.7,3.1,3.78,Medium
S0082,7.9,5.4,5.2,3.6,1.3,3.02,High
S0083,10.4,3.9,8.7,2.9,1.4,3.27,Medium
S0084,8.5,3.8,10.9,7.6,1.7,3.08,Medium
S0085,7.5,4.8,8.8,2.0,1.4,2.89,Medium
S0086,6.6,2.8,6.4,1.3,2.0,4.0,Low
S0087,5.5,3.5,7.1,5.3,1.7,4.0,Low
S0088,4.8,1.1,4.0,4.6,1.9,3.05,Medium
S0089,6.9,1.4,5.1,0.5,1.2,3.28,Medium
S0090,5.0,4.4,6.3,3.2,2.4,4.0,Low
S0091,4.7,2.8,8.9,6.4,0.8,3.5,Low
S0092,3.9,2.2,10.2,3.1,1.2,4.0,Low
S0093,6.3,1.5,4.6,1.4,0.7,2.57,Medium
S0094,4.4,4.3,6.9,4.0,0.8,3.65,Medium
S0095,3.5,0.6,5.3,2.1,0.8,3.27,Medium
S0096,4.5,2.3,7.9,0.8,2.4,4.0,Low
S0097,6.3,0.9,9.0,6.1,0.5,3.76,Low
S0098,7.3,1.3,5.6,2.5,1.5,3.11,Medium
S0099,6.2,1.9,6.8,4.5,0.4,3.76,Low
S0100,9.0,2.4,7.1,1.3,1.4,3.5,Low
S0101,5.6,1.5,5.9,2.5,0.3,3.38,Medium
S0102,4.3,1.0,9.1,3.6,2.0,3.6,Low
S0103,7.7,2.3,4.7,3.3,1.8,2.17,High
S0104,3.1,1.6,6.4,3.9,1.7,4.0,Low
S0105,4.5,5.4,7.4,1.9,0.6,4.0,Medium
S0106,3.3,1.3,6.0,1.7,2.9,3.81,Low
S0107,2.6,2.4,6.6,7.1,0.7,2.12,Low
S0108,8.6,3.8,5.9,1.7,2.0,3.27,Medium
S0109,9.5,2.5,7.3,2.1,2.3,3.63,Medium
S0110,4.9,2.4,5.8,1.4,1.8,3.7,Low
S0111,4.1,2.6,5.2,3.0,1.6,3.96,Low
S0112,3.1,0.8,10.4,2.3,2.5,3.88,Low
S0113,3.9,3.1,8.2,3.6,1.5,3.77,Low
S0114,9.5,3.9,9.9,1.4,2.2,2.99,Medium
S0115,9.7,1.3,4.5,4.5,1.7,2.26,High
S0116,7.8,1.3,5.3,1.6,2.5,3.33,Medium
S0117,6.6,2.4,6.4,5.6,1.3,3.72,Low
S0118,4.6,2.2,6.1,4.5,1.6,4.0,Low
S0119,3.8,4.4,6.5,3.3,2.9,3.53,Low
S0120,9.7,2.8,6.3,1.5,2.4,3.39,Medium
S0121,6.2,2.5,9.2,4.8,0.8,3.17,Low
S0122,7.3,0.5,7.3,4.6,2.8,3.35,Low
S0123,4.4,3.8,4.9,5.3,0.7,3.09,Medium
S0124,3.2,1.4,8.0,4.3,1.9,4.0,Low
S0125,6.8,2.5,5.8,2.4,0.9,3.75,Medium
S0126,4.7,2.2,9.7,1.6,1.8,4.0,Low
S0127,5.4,2.8,3.8,5.5,3.1,3.53,Medium
S0128,9.4,3.2,5.2,3.5,1.8,3.28,Medium
S0129,4.9,3.3,9.6,6.1,1.4,4.0,Medium
S0130,4.7,0.7,6.3,4.9,0.1,3.66,Medium
S0131,4.3,2.0,7.2,6.0,1.2,4.0,Low
S0132,5.1,1.4,6.8,1.5,0.8,3.45,Low
S0133,5.4,2.0,9.3,2.5,1.8,3.69,Low
S0134,10.1,1.2,6.6,1.2,3.8,3.46,Medium
S0135,5.4,2.7,4.5,4.5,0.9,2.67,Medium
S0136,3.5,0.6,6.9,3.4,0.5,3.55,Low
S0137,7.6,2.2,7.1,2.8,1.3,3.45,Low
S0138,3.5,4.1,9.7,2.5,1.0,4.0,Medium
S0139,6.4,2.0,3.9,1.6,2.2,3.17,Medium
S0140,3.7,1.4,7.8,0.6,0.6,4.0,Low
S0141,7.8,1.3,7.7,2.0,0.6,3.74,Low
S0142,8.4,3.9,6.6,4.0,0.9,2.52,Low
S0143,4.1,4.3,3.6,1.2,0.9,2.4,High
S0144,8.9,3.8,6.3,2.0,1.3,3.83,Low
S0145,6.0,1.6,7.5,2.7,1.7,3.97,Low
S0146,9.9,3.5,5.1,5.5,1.5,2.94,High
S0147,9.0,3.7,6.7,0.6,1.0,3.75,Low
S0148,3.9,1.1,8.7,7.1,1.6,4.0,Low
S0149,3.4,1.6,3.8,6.0,0.7,2.21,Medium
S0150,5.7,2.9,8.7,1.8,0.2,3.87,Medium
S0151,3.1,4.4,9.0,3.6,1.8,3.5,Low
S0152,9.3,2.0,6.5,3.2,0.4,2.95,Medium
S0153,3.3,3.3,4.6,3.6,1.0,2.54,Medium
S0154,4.5,3.2,6.1,3.4,1.5,3.56,Low
S0155,6.6,4.7,8.1,1.9,0.4,4.0,Medium
S0156,2.3,2.3,7.4,2.3,2.3,2.54,Low
S0157,2.9,0.8,8.1,3.1,2.1,2.33,Low
S0158,8.0,3.7,7.9,2.1,1.8,3.68,Low
S0159,4.5,0.9,9.4,1.5,3.2,3.6,Low
S0160,5.7,4.1,8.1,5.0,2.0,4.0,Low
S0161,6.8,4.0,5.8,3.0,0.9,3.95,Medium
S0162,2.1,3.1,6.1,6.1,3.4,2.34,Low
S0163,9.8,2.2,8.9,5.3,1.1,2.68,Medium
S0164,3.0,0.8,7.9,2.4,2.2,4.0,Low
S0165,2.5,1.7,7.2,4.8,1.1,3.06,Low
S0166,6.2,1.4,3.9,5.5,0.3,2.78,Medium
S0167,8.7,2.4,9.6,4.9,3.8,3.47,Low
S0168,4.7,2.3,7.5,5.5,3.6,4.0,Low
S0169,7.5,2.0,6.7,4.5,1.0,3.01,Low
S0170,4.1,1.6,5.7,0.8,0.3,3.26,Medium
S0171,11.0,2.1,6.5,4.1,0.9,2.75,Medium
S0172,8.7,4.8,6.9,3.7,0.8,2.55,Medium
S0173,11.1,1.4,9.6,3.9,1.8,2.63,Medium
S0174,3.4,1.4,5.4,4.7,1.2,3.82,Medium
S0175,2.4,5.1,9.1,6.1,3.8,2.19,Medium
S0176,7.4,3.1,5.2,5.0,0.9,2.45,High
S0177,3.7,2.5,7.4,3.5,0.6,3.89,Low
S0178,3.1,4.3,9.8,5.4,2.5,3.98,Medium
S0179,6.5,2.5,4.7,2.7,1.3,3.47,Medium
S0180,5.3,0.9,5.7,4.1,0.6,3.21,Medium
S0181,8.4,2.3,6.9,3.6,2.5,3.5,Low
S0182,5.8,1.6,9.0,4.9,2.0,3.46,Low
S0183,8.4,4.1,7.9,5.2,2.1,3.9,Medium
S0184,7.3,1.2,9.0,5.5,0.3,3.26,Medium
S0185,8.1,1.1,6.3,4.5,0.8,2.93,Low
S0186,5.4,0.2,6.0,3.7,3.5,3.92,Low
S0187,6.3,1.5,7.6,3.3,2.4,4.0,Low
S0188,5.6,5.0,6.3,3.8,3.1,3.68,Low
S0189,2.8,4.7,7.8,1.0,1.1,2.89,Medium
S0190,5.9,1.8,7.5,0.9,2.8,4.0,Low
S0191,10.5,5.1,8.2,1.4,2.3,3.76,Medium
S0192,7.5,3.1,6.8,2.1,3.8,2.69,Low
S0193,4.9,2.2,5.3,4.9,2.1,4.0,Low
S0194,4.0,4.8,5.2,2.8,3.2,4.0,Medium
S0195,4.9,2.9,6.6,2.1,3.6,4.0,Low
S0196,3.8,1.4,4.0,3.9,1.2,2.94,Medium
S0197,8.5,2.2,10.0,1.7,2.7,3.51,Low
S0198,8.3,3.5,7.5,1.4,0.4,3.72,Low
S0199,9.4,2.8,8.4,3.0,0.7,3.61,Medium
S0200,4.9,1.3,7.0,1.0,1.8,4.0,Low
S0201,4.0,3.7,6.2,2.9,0.2,3.65,Medium
S0202,5.2,2.7,6.1,4.2,2.7,3.59,Low
S0203,7.6,0.6,6.9,1.3,1.0,4.0,Low
S0204,6.9,2.6,3.6,2.3,1.6,3.19,Medium
S0205,2.7,1.8,4.0,1.1,1.3,1.76,Medium
S0206,6.8,3.7,5.5,1.6,0.6,3.38,Medium
S0207,6.3,3.2,4.0,6.3,0.5,3.24,Medium
S0208,8.6,3.2,8.5,2.4,2.5,3.91,Low
S0209,2.6,4.3,7.2,5.0,1.4,2.92,Medium
S0210,7.1,0.9,4.4,2.0,0.8,2.85,Medium
S0211,8.6,1.4,10.1,2.4,0.9,3.19,Medium
S0212,5.4,2.5,8.0,1.9,3.8,4.0,Low
S0213,10.5,2.9,5.5,4.1,0.5,3.13,High
S0214,7.1,3.4,6.7,2.4,1.3,3.27,Low
S0215,11.0,0.6,8.9,3.5,1.4,3.07,Medium
S0216,8.7,4.4,6.7,2.1,1.8,3.83,Medium
S0217,9.2,1.4,7.5,3.8,2.2,3.72,Medium
S0218,9.2,1.3,5.8,6.8,0.9,2.59,High
S0219,8.4,2.3,5.8,5.5,1.4,2.43,High
S0220,6.0,1.2,6.5,6.8,1.0,3.87,Low
S0221,6.5,1.7,8.3,1.4,3.4,4.0,Low
S0222,2.6,1.2,7.1,2.4,2.6,2.92,Low
S0223,4.9,1.5,7.5,4.2,0.8,4.0,Low
S0224,5.2,3.9,8.5,3.5,2.7,4.0,Low
S0225,3.6,1.0,5.9,1.0,1.6,3.96,Low
S0226,9.6,1.7,7.0,0.8,0.8,2.99,Medium
S0227,10.9,5.0,3.4,6.5,1.9,2.26,High
S0228,5.5,2.3,7.7,1.5,0.3,4.0,Low
S0229,4.2,3.2,5.5,4.0,3.4,3.88,Low
S0230,5.0,4.1,5.4,4.2,2.6,3.6,Medium
S0231,9.8,3.1,7.0,3.7,2.7,3.47,Medium
S0232,9.5,3.1,7.8,1.9,2.0,3.82,Medium
S0233,4.7,2.9,4.8,3.9,3.9,3.3,Medium
S0234,7.6,2.6,8.1,5.6,1.3,3.52,Medium
S0235,4.3,3.0,8.5,4.6,2.4,4.0,Low
S0236,3.0,2.5,3.4,2.3,1.2,3.12,Medium
S0237,4.7,3.1,6.5,2.9,1.0,3.61,Low
S0238,2.6,2.7,7.7,3.7,1.5,2.62,Low
S0239,4.6,4.1,7.1,3.0,0.3,3.85,Medium
S0240,4.7,2.6,7.1,3.7,2.3,3.84,Low
S0241,7.9,3.2,9.8,0.5,0.9,2.72,Medium
S0242,9.5,0.7,9.6,2.4,0.6,3.12,Medium
S0243,5.3,1.5,6.0,2.2,2.5,3.43,Low
S0244,6.1,3.2,6.0,2.7,0.7,3.82,Low
S0245,3.4,3.1,5.4,3.2,2.1,3.85,Low
S0246,3.9,5.0,6.9,4.9,1.7,3.52,Low
S0247,2.2,2.9,9.8,3.6,2.5,2.21,Low
S0248,3.6,2.8,6.6,5.2,2.9,3.92,Low
S0249,4.5,1.5,8.3,2.1,2.5,4.0,Low
S0250,2.8,2.8,6.8,3.5,0.8,1.75,Low
S0251,7.2,4.1,5.6,1.2,0.3,3.37,High
S0252,5.7,1.4,6.5,3.6,1.5,4.0,Low
S0253,11.0,1.1,7.9,2.7,1.4,4.0,Medium
S0254,11.1,1.1,4.8,4.4,1.8,2.63,High
S0255,4.0,0.8,4.7,5.7,0.9,2.37,Medium
S0256,4.5,0.8,7.1,1.0,2.5,4.0,Low
S0257,3.8,2.5,9.0,3.9,1.6,3.45,Low
S0258,6.6,5.6,7.7,3.4,2.2,3.93,Low
S0259,5.1,0.7,7.3,6.6,0.8,3.7,Low
S0260,5.6,0.9,6.8,4.6,1.2,3.99,Low
S0261,6.6,3.6,9.5,1.9,1.3,4.0,Low
S0262,8.3,2.4,7.5,1.2,2.3,4.0,Low
S0263,3.1,3.8,8.4,4.3,0.4,3.68,Low
S0264,4.5,0.9,9.6,3.4,1.1,3.53,Low
S0265,4.7,2.1,7.4,3.2,3.0,4.0,Low
S0266,8.4,1.4,9.5,1.4,2.5,3.3,Low
S0267,4.6,4.2,8.9,4.9,2.4,3.65,Low
S0268,4.8,1.2,7.9,2.4,3.5,4.0,Low
S0269,6.4,3.8,5.1,5.4,3.0,4.0,Medium
S0270,7.5,1.3,7.0,2.6,0.8,3.41,Low
S0271,4.5,0.8,3.9,1.5,3.3,3.35,Medium
S0272,4.9,1.7,7.0,2.8,0.7,4.0,Low
S0273,6.4,1.4,7.5,3.9,0.8,3.79,Low
S0274,11.3,0.7,7.9,7.1,1.0,3.58,Medium
S0275,3.2,1.0,6.1,1.3,2.1,4.0,Low
S0276,11.5,3.8,7.5,2.2,1.9,3.58,Medium
S0277,5.5,2.1,5.0,5.7,1.4,3.65,Medium
S0278,4.8,3.8,8.1,4.7,0.2,3.65,Medium
S0279,4.8,2.3,3.8,2.0,2.3,3.23,Medium
S0280,3.7,0.3,5.8,6.9,2.5,3.46,Medium
S0281,10.1,2.3,4.9,3.3,1.4,1.94,High
S0282,4.3,3.3,6.9,2.5,1.3,3.99,Low
S0283,5.1,3.6,9.1,6.5,2.4,4.0,Low
S0284,5.0,1.5,8.7,0.8,2.9,3.46,Low
S0285,5.1,2.9,7.7,5.8,1.9,4.0,Low
S0286,5.5,1.2,8.1,3.2,2.0,4.0,Low
S0287,2.2,0.9,8.0,1.1,0.5,2.46,Low
S0288,4.1,1.8,8.3,4.0,0.9,4.0,Low
S0289,3.4,0.9,7.7,4.6,1.0,4.0,Low
S0290,4.6,1.4,5.0,3.7,2.4,4.0,Low
S0291,6.4,2.4,4.2,6.8,2.4,3.44,Medium
S0292,7.3,3.7,7.7,1.4,1.2,4.0,Low
S0293,9.5,1.4,6.5,2.8,1.4,3.47,Medium
S0294,3.8,1.0,5.5,5.7,1.9,3.84,Medium
S0295,4.1,3.8,8.9,5.3,3.0,4.0,Low
S0296,5.1,3.9,8.1,4.7,2.0,4.0,Low
S0297,3.4,2.5,10.3,6.3,0.4,3.47,Medium
S0298,7.1,3.8,5.6,3.1,2.6,3.07,Medium
S0299,7.2,2.5,7.4,3.1,1.1,4.0,Low
S0300,8.7,2.9,8.2,1.6,1.5,3.99,Low
S0301,1.6,1.5,8.0,7.4,0.6,2.39,Low
S0302,3.6,2.5,8.1,3.7,0.9,3.87,Low
S0303,4.5,3.6,7.2,0.3,2.3,3.87,Low
S0304,3.2,1.7,9.0,7.6,1.2,3.47,Low
S0305,5.0,3.3,9.1,3.6,1.3,4.0,Low
S0306,1.3,2.8,6.4,4.9,0.6,1.27,Low
S0307,6.0,2.3,7.6,1.0,1.8,4.0,Low
S0308,6.1,3.0,8.5,2.1,2.6,4.0,Low
S0309,5.4,0.8,4.4,2.3,2.4,3.48,Medium
S0310,5.5,2.1,5.2,2.3,1.4,4.0,Medium
S0311,2.7,1.4,7.4,4.4,3.9,2.86,Low
S0312,4.9,2.9,8.4,1.4,1.3,4.0,Low
S0313,8.2,1.9,7.3,3.6,0.9,2.88,Low
S0314,1.9,0.5,8.7,2.1,1.6,1.65,Low
S0315,4.1,4.7,5.9,2.8,2.8,3.89,Medium
S0316,7.8,2.2,6.9,1.5,0.6,3.12,Low
S0317,7.1,2.3,6.7,4.4,2.3,3.21,Low
S0318,3.1,3.4,7.7,6.6,0.5,3.67,Low
S0319,2.4,1.6,5.9,2.0,2.9,2.25,Low
S0320,7.4,2.1,8.3,1.0,1.5,3.52,Low
S0321,2.1,0.8,9.3,1.5,1.6,1.97,Low
S0322,9.0,0.4,7.7,6.7,1.7,3.29,Low
S0323,9.6,0.7,6.7,2.0,2.2,2.97,Medium
S0324,5.8,2.2,10.1,3.7,1.2,3.97,Low
S0325,2.9,1.2,5.7,2.0,2.7,2.81,Low
S0326,2.9,4.1,8.0,1.0,2.1,3.8,Low
S0327,5.7,0.9,6.8,3.0,0.8,3.57,Low
S0328,4.8,2.9,7.2,1.0,1.6,4.0,Low
S0329,7.9,2.2,4.3,4.8,0.9,1.79,High
S0330,4.3,3.4,7.1,1.8,2.8,4.0,Low
S0331,8.7,4.1,5.8,2.9,3.6,3.28,Medium
S0332,9.2,2.5,7.0,1.3,2.0,3.58,Medium
S0333,8.0,1.9,8.3,6.7,0.9,2.75,Medium
S0334,7.7,2.6,7.6,4.9,1.3,3.66,Low
S0335,9.3,2.4,5.2,4.2,2.4,3.35,Medium
S0336,9.1,1.6,10.3,1.5,0.9,2.87,Medium
S0337,3.5,4.3,7.7,1.6,1.4,4.0,Medium
S0338,8.8,3.7,7.0,6.7,1.4,3.66,Medium
S0339,10.8,3.0,7.6,1.6,2.8,3.44,Medium
S0340,1.6,2.6,7.1,4.3,2.9,2.22,Low
S0341,2.6,3.3,5.4,5.4,2.5,2.84,Medium
S0342,4.2,2.2,8.6,2.9,1.2,4.0,Low
S0343,5.3,3.8,6.3,1.7,2.1,3.83,Low
S0344,4.4,2.1,8.2,3.9,1.9,4.0,Low
S0345,4.5,3.9,6.9,7.0,1.9,3.91,Low
S0346,4.3,3.1,4.5,1.7,2.7,2.96,Medium
S0347,3.7,3.9,6.0,3.9,2.1,3.22,Low
S0348,3.6,0.5,6.1,3.9,3.1,3.84,Low
S0349,8.6,3.5,8.4,4.0,1.0,3.68,Low
S0350,5.8,1.0,6.8,2.9,2.7,4.0,Low
S0351,5.7,1.9,10.1,1.3,1.4,3.93,Low
S0352,8.5,1.6,9.3,4.6,2.5,3.23,Low
S0353,1.8,5.0,8.0,2.2,2.6,2.7,Low
S0354,2.9,3.2,7.2,1.2,1.0,2.88,Low
S0355,1.6,2.2,6.1,3.6,1.1,2.12,Low
S0356,2.3,4.4,8.8,4.0,1.8,2.04,Low
S0357,8.9,1.3,4.6,2.0,2.4,2.52,Medium
S0358,11.4,4.0,7.1,1.0,2.6,3.66,Medium
S0359,6.1,1.0,4.7,5.9,2.0,3.2,Medium
S0360,4.9,1.7,6.7,4.7,1.8,4.0,Low
S0361,8.9,2.1,7.5,3.8,1.8,3.3,Low
S0362,5.4,1.0,6.5,3.0,2.0,4.0,Low
S0363,9.9,2.7,8.1,3.1,1.9,3.57,Medium
S0364,4.5,2.2,4.2,1.5,1.1,3.14,Medium
S0365,10.4,1.8,6.9,1.8,1.8,3.03,Medium
S0366,5.5,0.2,3.5,1.9,0.4,2.7,Medium
S0367,2.9,1.8,8.5,3.5,1.6,2.91,Low
S0368,4.7,0.9,7.5,1.3,1.2,4.0,Low
S0369,5.4,4.2,7.0,4.2,3.7,4.0,Low
S0370,4.7,2.0,6.6,5.9,2.1,3.6,Low
S0371,6.1,1.7,8.6,6.5,2.5,3.84,Low
S0372,6.7,1.0,6.5,2.9,1.2,3.82,Low
S0373,3.0,2.0,8.2,1.1,0.6,4.0,Low
S0374,6.6,3.1,6.4,3.6,0.2,3.45,Medium
S0375,6.3,4.5,7.5,5.5,2.2,4.0,Medium
S0376,3.2,0.3,6.7,2.2,1.5,3.78,Low
S0377,5.9,0.6,5.0,3.4,1.2,4.0,Medium
S0378,8.3,3.1,6.7,4.0,1.1,3.49,Low
S0379,4.2,3.6,6.8,4.9,2.5,3.25,Low
S0380,5.9,1.9,7.4,4.2,2.1,4.0,Low
S0381,4.6,1.2,6.7,1.5,2.9,3.71,Low
S0382,1.9,2.9,7.6,2.4,0.5,2.07,Low
S0383,4.8,1.7,7.8,3.6,1.2,4.0,Low
S0384,3.2,2.3,3.9,3.1,3.3,2.86,Medium
S0385,4.6,0.6,4.0,2.6,0.8,2.36,Medium
S0386,9.0,1.0,9.8,2.3,2.8,3.19,Low
S0387,6.1,3.8,10.3,2.2,3.3,3.54,Low
S0388,4.4,2.5,5.2,3.4,1.7,3.35,Low
S0389,7.4,3.9,6.8,2.2,1.0,2.92,Low
S0390,10.3,2.5,6.3,3.5,0.7,2.54,Medium
S0391,5.0,2.8,7.0,2.6,3.7,4.0,Low
S0392,5.8,2.8,5.5,2.6,0.4,3.97,Medium
S0393,5.2,2.5,5.7,6.7,3.0,3.88,Medium
S0394,8.6,1.1,8.4,1.4,2.4,4.0,Low
S0395,4.0,4.2,9.7,1.5,1.5,4.0,Medium
S0396,8.5,2.7,6.5,2.1,0.9,3.12,Low
S0397,7.4,1.9,7.0,3.1,1.7,3.96,Low
S0398,7.4,2.6,9.8,1.8,0.7,2.9,Medium
S0399,8.4,2.1,8.8,5.7,0.5,2.76,Medium
S0400,5.4,2.8,9.5,0.6,1.5,4.0,Low
S0401,6.8,3.3,7.9,1.5,1.1,4.0,Low
S0402,4.0,1.4,9.8,0.4,3.8,3.64,Low
S0403,6.7,3.8,6.1,0.5,2.2,3.95,Low
S0404,3.2,3.4,8.3,4.0,2.3,4.0,Low
S0405,8.3,2.8,4.7,3.0,0.6,1.71,High
S0406,2.5,1.8,4.9,5.0,3.2,1.01,Medium
S0407,2.5,4.9,7.1,2.2,0.6,3.14,Medium
S0408,6.9,0.7,4.5,2.6,1.1,3.2,Medium
S0409,3.8,1.6,8.5,6.2,1.3,4.0,Low
S0410,5.2,1.4,7.6,7.0,1.8,4.0,Low
S0411,4.5,2.9,5.0,5.7,1.6,4.0,Medium
S0412,6.3,0.8,7.8,2.0,2.1,4.0,Low
S0413,8.0,3.7,7.2,3.2,0.8,3.08,Low
S0414,5.3,1.6,5.1,3.8,0.5,3.77,Medium
S0415,7.3,1.7,3.1,3.2,0.4,2.29,High
S0416,2.4,3.9,3.3,2.0,2.2,1.39,Medium
S0417,4.2,1.0,6.4,2.1,2.6,4.0,Low
S0418,8.9,2.1,9.3,2.5,3.3,3.1,Low
S0419,2.7,3.1,7.0,2.6,1.9,3.16,Low
S0420,6.6,5.0,8.2,6.5,2.1,4.0,Medium
S0421,4.1,1.0,8.4,3.9,0.4,4.0,Low
S0422,5.4,2.1,6.8,1.8,1.2,3.96,Low
S0423,4.6,0.7,8.3,2.7,2.5,4.0,Low
S0424,6.5,2.2,9.0,1.9,2.0,4.0,Low
S0425,6.1,1.6,5.1,3.9,2.2,4.0,Low
S0426,4.7,3.2,5.5,5.7,1.1,3.39,Medium
S0427,4.5,0.7,4.9,3.2,1.0,2.54,Medium
S0428,1.8,1.1,6.6,3.1,1.3,1.46,Low
S0429,5.6,2.7,3.6,2.9,3.3,3.81,Medium
S0430,4.2,3.5,8.3,3.2,3.5,4.0,Low
S0431,3.0,0.4,8.3,5.0,0.7,4.0,Low
S0432,5.5,1.8,6.4,0.1,1.1,3.58,Low
S0433,6.4,5.2,8.8,0.6,2.9,4.0,Low
S0434,5.1,2.0,6.1,1.0,1.0,4.0,Low
S0435,3.9,2.3,8.2,3.0,0.5,4.0,Low
S0436,2.6,1.9,5.7,1.8,0.8,2.22,Medium
S0437,6.2,3.6,7.3,1.5,2.5,4.0,Low
S0438,6.6,1.5,6.3,6.0,1.1,4.0,Low
S0439,5.2,4.3,7.9,1.0,0.8,3.87,Medium
S0440,10.1,2.4,5.8,3.1,2.0,3.05,Medium
S0441,2.6,1.6,8.5,2.9,1.7,2.83,Low
S0442,3.3,2.1,5.6,0.9,2.6,3.78,Low
S0443,10.7,3.6,8.8,2.0,3.3,3.31,Medium
S0444,3.9,2.1,7.4,1.1,1.9,4.0,Low
S0445,10.7,1.3,8.4,5.9,3.2,3.61,Medium
S0446,10.6,3.4,5.3,3.0,2.2,3.47,Medium
S0447,3.9,2.9,7.7,1.6,1.7,4.0,Low
S0448,1.6,0.3,6.4,6.1,1.0,2.27,Low
S0449,6.3,1.4,6.2,5.3,2.2,3.75,Low
S0450,2.0,2.3,7.7,1.4,1.1,2.74,Low
S0451,4.7,4.5,10.5,0.8,2.3,3.4,Medium
S0452,7.3,4.5,9.7,3.5,1.2,2.62,Medium
S0453,7.7,1.5,7.3,2.5,2.0,3.59,Low
S0454,9.3,1.0,7.0,1.9,0.4,3.32,Medium
S0455,2.1,1.3,8.9,2.1,3.2,2.04,Low
S0456,5.9,2.4,8.2,2.1,1.2,4.0,Low
S0457,8.9,4.8,9.1,2.7,2.4,3.19,Medium
S0458,3.6,2.7,5.4,2.3,2.7,2.96,Low
S0459,3.6,0.8,4.5,6.3,1.6,3.38,Medium
S0460,8.2,1.8,7.9,4.7,2.0,3.49,Low
S0461,3.2,4.2,7.2,2.1,1.4,4.0,Medium
S0462,2.3,5.1,5.7,2.2,1.1,1.73,Medium
S0463,3.8,0.1,8.1,6.7,0.9,4.0,Low
S0464,8.3,2.1,6.1,2.3,2.1,3.55,Low
S0465,8.0,1.3,6.4,5.8,2.5,3.54,Low
S0466,6.5,0.8,7.2,4.3,0.8,3.48,Low
S0467,7.6,2.6,9.8,0.8,1.0,2.62,Medium
S0468,7.0,3.4,4.8,3.2,1.6,3.24,Medium
S0469,4.5,4.7,8.7,4.2,2.1,4.0,Low
S0470,6.8,3.3,8.9,2.1,2.5,3.98,Low
S0471,3.5,1.8,6.3,7.0,2.7,4.0,Low
S0472,5.8,4.8,7.0,2.5,0.8,4.0,Medium
S0473,7.7,3.3,6.5,0.6,2.6,3.08,Low
S0474,3.8,3.2,8.6,3.3,3.4,3.94,Low
S0475,2.3,2.3,8.0,5.4,0.8,2.57,Low
S0476,4.7,1.1,8.9,1.6,1.1,4.0,Low
S0477,4.1,4.1,7.8,4.9,1.0,4.0,Medium
S0478,8.2,4.4,3.6,4.0,0.5,2.58,High
S0479,5.7,1.6,6.1,2.4,1.9,4.0,Low
S0480,4.8,0.8,8.4,2.1,1.4,4.0,Low
S0481,6.7,1.8,4.3,2.5,3.2,3.62,Medium
S0482,6.3,1.3,6.7,4.5,0.6,3.84,Low
S0483,4.0,1.6,6.7,7.0,0.5,3.1,Low
S0484,10.4,1.0,6.6,4.5,2.1,3.12,Medium
S0485,4.9,1.8,6.6,2.1,0.9,3.18,Low
S0486,4.1,3.0,10.0,3.6,0.6,3.46,Low
S0487,2.6,4.9,6.1,1.2,1.8,2.95,Low
S0488,4.0,0.4,9.9,2.0,2.0,4.0,Low
S0489,6.9,2.8,6.2,2.1,1.8,3.94,Low
S0490,6.0,3.2,7.8,2.7,0.2,4.0,Medium
S0491,5.9,1.5,6.8,6.6,1.3,3.68,Low
S0492,6.6,5.2,4.8,0.4,1.4,3.13,High
S0493,2.7,3.4,9.3,2.8,1.0,3.0,Low
S0494,1.5,2.7,7.5,3.8,1.0,2.15,Low
S0495,7.0,0.9,5.5,5.6,2.2,3.59,Medium
S0496,3.9,0.8,6.8,4.4,1.8,3.54,Low
S0497,6.6,0.9,9.8,5.2,2.5,3.38,Low
S0498,6.2,3.4,8.1,3.2,0.5,4.0,Low
S0499,4.6,4.5,7.4,3.3,1.0,4.0,Medium
S0500,6.6,3.6,6.8,3.8,1.0,3.72,Low
S0501,6.9,2.1,6.8,3.9,3.1,3.66,Low
S0502,1.9,1.7,7.0,0.9,1.5,1.77,Low
S0503,9.5,1.0,8.3,2.7,2.0,3.59,Medium
S0504,3.3,0.8,5.4,4.0,2.8,3.65,Low
S0505,8.0,3.1,4.9,2.2,1.1,2.53,Medium
S0506,5.6,1.8,6.4,5.1,2.4,3.3,Low
S0507,4.2,4.5,9.8,2.3,1.2,4.0,Medium
S0508,8.7,1.0,6.5,3.4,1.6,3.1,Low
S0509,3.5,4.0,7.8,5.2,2.7,4.0,Low
S0510,6.1,1.2,7.8,1.7,2.1,4.0,Low
S0511,3.8,1.0,5.3,0.2,2.2,3.83,Medium
S0512,3.3,0.9,3.8,1.6,2.9,3.72,Medium
S0513,3.8,1.8,4.8,1.9,1.6,2.77,Medium
S0514,2.4,1.9,5.7,1.9,3.3,2.68,Low
S0515,6.2,2.5,6.6,2.8,1.7,4.0,Low
S0516,3.4,2.3,6.6,5.5,1.9,4.0,Low
S0517,5.6,1.0,7.4,1.4,1.2,4.0,Low
S0518,3.6,1.9,9.2,1.8,1.6,3.76,Low
S0519,4.9,0.4,8.4,1.1,1.5,4.0,Low
S0520,6.8,1.5,3.6,4.4,1.6,3.29,Medium
S0521,8.2,3.8,8.8,3.0,1.2,3.23,Low
S0522,3.5,4.0,9.1,2.9,0.6,4.0,Low
S0523,4.7,3.7,9.2,1.8,0.5,3.62,Low
S0524,5.6,5.1,4.5,3.9,0.5,2.98,High
S0525,4.6,3.7,6.7,7.6,1.7,3.48,Low
S0526,4.4,1.9,4.5,2.5,1.5,2.99,Medium
S0527,7.1,3.0,7.9,0.4,0.9,3.24,Medium
S0528,1.4,3.7,8.3,3.3,0.5,2.63,Low
S0529,7.5,2.6,8.4,4.5,2.5,3.26,Low
S0530,6.6,2.8,8.1,1.6,0.9,4.0,Low
S0531,8.9,3.4,9.3,4.6,1.8,3.34,Low
S0532,5.9,2.8,5.2,3.0,2.2,4.0,Low
S0533,4.0,1.3,6.2,2.0,0.9,3.96,Low
S0534,5.4,1.3,4.6,4.2,1.3,2.95,Medium
S0535,8.0,3.0,8.4,2.1,2.1,3.83,Low
S0536,6.3,1.7,5.9,1.7,2.1,3.98,Low
S0537,3.7,2.7,5.9,4.0,2.5,4.0,Low
S0538,3.5,0.9,7.9,2.5,1.4,4.0,Low
S0539,2.0,1.5,4.0,5.6,1.0,1.34,Medium
S0540,6.6,1.7,9.2,5.7,1.2,3.82,Medium
S0541,9.0,5.7,8.6,5.3,1.0,2.89,Medium
S0542,2.8,5.8,6.2,4.5,2.5,2.34,Low
S0543,8.5,5.7,5.8,0.8,1.3,3.46,High
S0544,5.8,1.7,7.7,1.9,0.2,4.0,Medium
S0545,7.4,2.8,8.2,0.8,2.6,3.92,Low
S0546,6.3,4.1,7.4,3.5,3.7,4.0,Low
S0547,7.4,2.1,7.9,2.6,1.0,4.0,Low
S0548,9.5,1.8,7.1,1.8,3.8,3.85,Medium
S0549,10.7,2.9,8.5,4.3,1.8,3.58,Medium
S0550,6.7,3.0,6.5,6.3,0.8,3.3,Low
S0551,5.4,3.1,7.9,3.9,1.1,4.0,Low
S0552,6.1,1.3,7.9,2.9,2.0,4.0,Low
S0553,8.2,1.2,3.8,4.7,1.8,2.55,Medium
S0554,7.8,5.0,7.1,3.0,1.3,3.95,Medium
S0555,3.3,2.6,6.0,6.1,1.8,3.28,Low
S0556,2.3,0.5,6.7,1.2,1.8,2.83,Low
S0557,8.8,4.2,7.7,1.8,2.7,3.75,Medium
S0558,7.2,1.6,8.5,7.6,0.3,3.36,Medium
S0559,9.0,2.8,10.1,2.9,2.6,3.25,Low
S0560,2.5,5.2,8.6,5.3,3.1,2.15,Medium
S0561,2.7,1.9,4.5,1.8,1.0,1.18,Medium
S0562,2.8,1.2,5.2,6.9,2.3,2.23,Medium
S0563,10.3,2.1,6.0,4.9,1.2,2.8,Medium
S0564,3.1,1.5,6.4,4.0,0.5,3.27,Low
S0565,3.6,3.7,5.2,2.4,2.7,3.42,Low
S0566,5.8,3.7,5.1,3.5,1.6,3.75,Low
S0567,3.2,2.8,6.0,3.0,0.6,3.13,Low
S0568,8.0,0.7,6.7,2.9,2.2,3.18,Low
S0569,5.9,3.0,8.3,5.4,1.1,4.0,Low
S0570,11.0,4.3,6.4,1.8,1.5,3.34,High
S0571,7.2,2.3,6.9,5.2,1.2,3.02,Medium
S0572,4.3,2.2,8.2,1.4,0.9,4.0,Low
S0573,9.9,1.3,7.3,3.5,1.5,3.23,Medium
S0574,5.7,1.9,7.7,1.5,1.7,4.0,Low
S0575,3.5,1.6,5.6,1.7,2.6,4.0,Low
S0576,10.4,2.6,5.1,2.5,2.4,3.24,Medium
S0577,4.5,0.9,7.2,5.3,2.4,4.0,Low
S0578,3.7,1.4,9.0,2.0,1.0,3.71,Low
S0579,1.1,4.1,8.4,3.8,2.3,2.26,Low
S0580,4.4,0.9,6.9,6.0,0.4,3.14,Low
S0581,4.1,1.4,5.8,5.9,1.5,4.0,Medium
S0582,3.3,2.3,6.7,3.6,3.9,3.74,Low
S0583,7.5,2.0,8.7,1.7,0.3,2.82,Low
S0584,5.4,2.8,9.3,3.1,1.6,3.47,Low
S0585,2.3,0.6,7.2,2.8,2.6,2.53,Low
S0586,2.3,3.3,4.9,3.7,1.1,1.41,Medium
S0587,3.4,1.9,8.5,2.6,2.3,4.0,Low
S0588,3.8,3.0,7.3,6.2,1.3,4.0,Low
S0589,2.5,0.4,8.6,3.2,2.4,2.09,Low
S0590,2.0,5.0,7.7,6.2,1.0,2.44,Medium
S0591,6.2,3.1,6.2,5.3,3.2,3.9,Low
S0592,4.0,1.6,9.9,0.4,2.2,3.96,Low
S0593,6.9,2.8,10.4,2.3,1.2,3.97,Low
S0594,3.9,1.8,8.7,6.2,0.9,3.26,Low
S0595,4.6,4.6,4.4,1.2,0.8,2.57,High
S0596,10.3,2.1,7.0,2.0,1.5,3.89,Medium
S0597,6.5,3.4,8.2,3.5,2.9,4.0,Low
S0598,2.4,0.2,5.6,4.0,1.3,2.51,Medium
S0599,4.7,4.2,9.2,5.9,1.1,3.47,Medium
S0600,3.5,1.3,6.3,2.8,2.6,4.0,Low
S0601,3.0,3.3,7.1,2.2,1.5,4.0,Low
S0602,4.9,1.2,4.9,3.3,2.9,2.51,Medium
S0603,4.4,3.3,7.7,6.2,2.5,4.0,Low
S0604,9.0,2.0,6.2,0.4,2.6,3.34,Low
S0605,7.8,1.0,7.3,2.9,0.7,3.54,Low
S0606,7.2,0.5,7.7,3.3,0.6,3.1,Low
S0607,3.4,2.6,6.1,6.3,2.5,3.78,Low
S0608,4.4,0.7,4.3,4.2,1.4,3.14,Medium
S0609,3.7,2.8,5.8,3.5,1.2,3.93,Medium
S0610,5.2,1.8,6.4,4.9,1.2,3.93,Low
S0611,3.6,0.9,6.9,3.0,2.6,3.83,Low
S0612,7.9,3.8,6.5,2.9,1.1,2.91,Low
S0613,9.6,1.0,9.5,4.1,1.6,3.09,Medium
S0614,4.8,1.2,7.7,6.8,1.7,4.0,Low
S0615,7.0,0.8,6.7,1.4,1.8,4.0,Low
S0616,2.6,1.8,7.2,2.6,2.6,3.15,Low
S0617,8.0,2.8,6.5,2.0,0.7,2.68,Low
S0618,6.7,3.0,4.5,2.6,0.9,2.36,High
S0619,3.3,3.8,4.2,2.7,0.8,2.95,Medium
S0620,3.8,2.3,8.1,6.6,0.9,4.0,Low
S0621,8.8,4.7,9.4,3.8,1.9,3.54,Medium
S0622,5.6,3.0,6.7,4.4,2.5,3.63,Low
S0623,3.2,3.9,7.2,5.3,1.4,4.0,Low
S0624,3.9,3.9,6.9,3.2,1.1,3.74,Low
S0625,5.9,1.7,4.1,2.1,0.2,3.35,High
S0626,4.4,3.0,8.5,6.4,1.3,4.0,Low
S0627,7.6,1.5,10.4,0.6,1.8,3.48,Low
S0628,3.0,4.7,5.4,3.7,0.9,3.83,Medium
S0629,4.2,2.5,6.7,1.6,0.8,4.0,Low
S0630,9.0,0.9,6.5,1.3,0.3,2.86,Low
S0631,6.5,2.7,5.3,1.9,0.3,3.59,Medium
S0632,8.6,4.6,6.7,0.9,0.4,2.65,Medium
S0633,5.9,2.0,4.0,3.5,0.2,2.5,High
S0634,2.2,2.7,6.6,6.9,1.7,2.6,Low
S0635,4.0,3.2,5.9,5.9,1.3,3.61,Medium
S0636,4.9,3.9,8.5,1.9,1.0,4.0,Low
S0637,8.0,4.6,4.7,2.9,1.2,2.7,High
S0638,2.3,2.3,6.8,2.3,1.3,2.27,Low
S0639,5.6,1.2,7.3,4.9,2.3,4.0,Low
S0640,4.0,1.8,6.6,4.1,0.5,3.45,Low
S0641,2.1,1.9,7.9,1.8,1.9,3.16,Low
S0642,9.0,1.6,5.7,2.7,1.0,3.2,Medium
S0643,6.6,3.8,7.8,5.1,1.3,4.0,Low
S0644,4.5,3.0,5.9,1.1,3.7,3.79,Low
S0645,3.3,5.4,10.1,4.9,2.0,4.0,Medium
S0646,4.1,2.2,7.5,2.7,1.4,4.0,Low
S0647,4.3,2.6,8.8,1.8,3.1,4.0,Low
S0648,5.8,3.6,3.7,5.0,0.4,2.86,Medium
S0649,8.9,5.5,6.1,1.8,2.3,3.48,Medium
S0650,2.8,1.1,10.2,4.0,2.6,2.18,Low
S0651,4.3,3.0,7.4,3.6,2.0,3.78,Low
S0652,4.0,3.5,5.7,4.2,1.0,4.0,Medium
S0653,6.3,3.4,5.6,1.0,0.7,4.0,Medium
S0654,2.2,3.3,6.3,3.0,3.1,2.6,Low
S0655,4.3,2.2,3.7,1.1,1.0,3.22,Medium
S0656,4.9,2.5,5.4,2.2,2.0,3.92,Low
S0657,10.3,0.7,9.1,3.5,1.7,2.87,Medium
S0658,2.7,2.7,6.3,6.0,1.3,2.3,Low
S0659,3.2,3.2,6.1,3.2,2.1,3.83,Low
S0660,6.7,3.1,9.7,2.2,0.1,3.75,Medium
S0661,4.0,1.4,7.7,3.8,1.8,4.0,Low
S0662,5.8,1.8,5.1,1.2,2.6,3.63,Low
S0663,9.3,2.9,4.8,2.6,2.2,2.39,High
S0664,1.0,3.2,6.4,2.0,0.2,1.78,Medium
S0665,5.6,4.0,9.8,3.4,1.6,3.83,Low
S0666,4.6,2.7,6.5,2.0,0.6,3.45,Low
S0667,4.2,0.9,5.4,7.2,1.4,4.0,Medium
S0668,11.4,2.6,8.6,2.3,1.1,3.33,Medium
S0669,4.8,3.0,7.8,2.3,0.7,3.92,Low
S0670,5.9,3.1,7.9,4.6,2.8,4.0,Low
S0671,5.4,3.3,7.5,1.7,0.3,4.0,Low
S0672,6.2,4.0,5.5,1.4,3.3,3.48,Low
S0673,2.9,2.2,7.4,3.3,0.6,2.85,Low
S0674,3.8,2.9,8.6,0.8,1.5,4.0,Low
S0675,6.8,1.5,6.1,3.7,2.9,3.9,Low
S0676,7.1,1.9,7.6,2.9,0.9,3.89,Low
S0677,6.9,2.5,6.4,5.9,0.3,3.39,Low
S0678,7.5,3.2,6.3,4.1,1.3,3.05,Low
S0679,7.4,2.2,6.6,6.2,1.0,3.17,Medium
S0680,10.4,1.9,4.4,2.4,1.6,2.21,High
S0681,3.3,3.0,10.7,2.9,1.2,3.72,Low
S0682,8.8,2.0,6.5,4.0,1.4,3.03,Low
S0683,6.4,0.7,8.6,6.3,1.9,4.0,Low
S0684,5.9,2.0,6.3,1.4,1.3,3.84,Low
S0685,3.3,3.3,5.6,1.0,1.7,4.0,Low
S0686,5.9,1.8,8.5,3.3,0.6,4.0,Low
S0687,5.8,4.4,6.6,2.2,0.8,3.63,Medium
S0688,6.0,0.9,9.6,4.6,1.8,3.46,Low
S0689,8.1,0.8,6.9,3.8,2.6,2.89,Low
S0690,9.7,1.1,9.0,6.8,0.8,3.07,Medium
S0691,7.1,0.6,6.6,3.2,1.8,3.16,Low
S0692,5.2,3.7,9.7,0.6,3.5,3.94,Low
S0693,2.7,3.8,6.0,1.5,1.4,2.12,Low
S0694,2.3,2.7,9.2,2.6,0.9,2.66,Low
S0695,5.0,0.7,8.6,5.1,1.8,4.0,Low
S0696,5.7,3.8,7.6,4.8,1.8,4.0,Low
S0697,4.8,4.9,7.2,3.6,0.9,4.0,Medium
S0698,3.5,0.7,7.4,4.6,1.6,4.0,Low
S0699,3.7,3.0,4.6,2.8,0.8,2.74,Medium
S0700,4.7,0.7,6.6,3.2,1.5,3.64,Low
S0701,4.6,3.9,5.2,3.1,0.5,3.54,Medium
S0702,5.8,4.2,7.2,6.6,0.4,3.78,Medium
S0703,2.8,0.6,5.4,3.3,1.9,2.15,Low
S0704,2.6,1.2,5.0,1.4,1.6,2.75,Low
S0705,3.8,1.8,10.4,4.1,3.2,3.7,Low
S0706,5.7,0.8,3.4,4.0,1.9,2.7,Medium
S0707,4.8,2.3,6.6,0.6,1.2,3.83,Low
S0708,7.1,1.7,6.5,1.9,0.6,3.15,Low
S0709,3.4,3.7,7.8,3.3,1.5,4.0,Low
S0710,7.6,5.6,5.8,5.5,2.6,2.71,High
S0711,3.7,2.0,6.6,7.0,0.9,3.32,Low
S0712,7.1,2.0,7.3,5.2,2.5,3.92,Low
S0713,8.6,0.7,7.9,1.5,1.4,3.14,Low
S0714,5.5,5.7,5.1,4.1,1.3,4.0,Medium
S0715,3.1,1.2,9.7,5.6,2.9,4.0,Low
S0716,5.3,2.0,6.4,3.6,1.7,3.45,Low
S0717,3.3,2.2,7.2,3.5,0.9,4.0,Low
S0718,5.8,1.5,7.9,3.4,2.4,4.0,Low
S0719,7.2,2.8,7.0,1.5,1.0,4.0,Low
S0720,5.5,1.6,3.5,3.1,1.1,2.56,Medium
S0721,7.2,0.5,7.4,6.3,0.8,3.03,Medium
S0722,6.3,2.5,6.6,3.2,2.9,3.78,Low
S0723,3.5,0.5,8.9,3.5,2.9,4.0,Low
S0724,4.9,3.4,9.3,3.5,0.9,3.62,Low
S0725,4.0,1.3,5.8,2.2,1.7,3.53,Low
S0726,6.2,0.9,4.7,1.7,1.6,3.76,Medium
S0727,3.7,1.6,6.6,5.0,0.2,3.9,Medium
S0728,7.8,4.7,3.8,1.6,2.8,2.85,High
S0729,5.1,2.6,7.7,4.1,3.1,4.0,Low
S0730,2.3,1.4,9.2,2.0,0.9,2.09,Low
S0731,3.1,4.0,7.0,4.0,1.0,4.0,Low
S0732,4.2,2.0,5.6,6.9,1.9,4.0,Medium
S0733,9.6,1.7,8.4,4.6,2.1,3.57,Medium
S0734,3.1,3.0,8.1,3.5,0.9,4.0,Low
S0735,5.4,1.7,6.7,3.9,2.3,3.65,Low
S0736,4.0,1.3,8.4,5.9,1.3,3.87,Low
S0737,7.3,4.3,8.8,1.7,3.3,2.85,Medium
S0738,2.4,2.3,4.9,2.0,1.1,1.35,Medium
S0739,7.9,4.2,6.1,5.4,2.7,2.93,Medium
S0740,6.8,4.8,7.8,2.3,1.6,4.0,Low
S0741,6.4,2.4,5.0,2.3,2.5,3.96,Low
S0742,6.5,3.4,8.5,6.4,1.1,4.0,Low
S0743,8.5,1.1,7.9,4.5,2.0,3.77,Low
S0744,3.4,0.7,8.0,3.0,2.7,4.0,Low
S0745,4.6,1.2,8.7,3.3,0.9,3.53,Low
S0746,6.1,2.2,8.7,5.1,2.1,4.0,Low
S0747,2.9,3.9,7.8,4.2,1.2,2.91,Low
S0748,2.9,2.0,9.1,0.9,3.3,2.48,Low
S0749,6.7,2.8,5.9,2.0,3.2,4.0,Low
S0750,4.7,1.1,3.6,3.3,3.5,2.78,Medium
S0751,4.5,1.8,6.3,3.2,1.4,3.8,Low
S0752,5.4,1.1,10.3,2.0,0.5,4.0,Low
S0753,6.6,2.7,6.6,2.7,2.4,4.0,Low
S0754,6.4,2.0,6.8,2.0,2.3,3.85,Low
S0755,5.5,1.7,7.4,7.5,1.4,4.0,Low
S0756,2.3,1.4,6.7,1.9,0.0,2.39,Medium
S0757,9.3,3.9,8.1,1.6,0.7,3.54,Medium
S0758,9.5,2.1,5.0,3.2,1.2,3.01,High
S0759,4.6,2.8,8.0,1.3,0.4,4.0,Low
S0760,7.8,1.8,6.8,4.1,1.6,2.96,Low
S0761,8.5,4.1,3.6,4.7,1.5,2.3,High
S0762,10.9,3.4,5.8,3.3,3.7,3.19,Medium
S0763,8.5,0.9,7.9,2.4,0.2,3.07,Medium
S0764,8.0,1.8,8.7,0.1,1.1,2.94,Medium
S0765,3.8,1.4,4.5,1.7,1.7,3.0,Medium
S0766,4.6,4.2,9.3,3.1,1.2,3.3,Medium
S0767,2.9,4.9,4.4,2.2,1.1,1.42,High
S0768,7.6,1.0,7.6,1.4,0.5,3.35,Low
S0769,9.2,1.3,8.6,3.3,0.6,2.74,Medium
S0770,8.4,0.3,7.0,4.7,3.1,3.67,Low
S0771,9.2,3.8,9.1,1.8,1.1,3.04,Medium
S0772,4.7,2.5,5.3,4.2,0.8,3.06,Medium
S0773,4.2,2.3,8.4,4.5,1.9,4.0,Low
S0774,2.7,1.9,6.6,0.8,1.0,1.94,Low
S0775,10.0,4.9,6.4,0.8,0.8,2.97,High
S0776,3.2,3.5,4.9,7.1,1.3,2.96,Medium
S0777,7.6,1.8,7.5,1.8,0.8,3.58,Low
S0778,7.9,0.8,6.3,2.3,1.9,3.56,Low
S0779,4.5,1.2,7.4,5.0,1.3,4.0,Low
S0780,3.8,1.7,7.6,3.6,2.1,4.0,Low
S0781,4.5,3.8,5.6,3.0,2.5,3.9,Low
S0782,6.7,0.5,7.9,2.3,0.5,4.0,Low
S0783,6.1,1.5,6.5,1.1,0.8,3.54,Low
S0784,9.2,0.2,6.9,1.4,1.1,3.22,Medium
S0785,9.4,1.2,10.0,1.8,2.2,3.6,Medium
S0786,5.7,2.5,5.5,1.6,3.0,4.0,Low
S0787,4.3,1.9,8.2,2.4,3.2,4.0,Low
S0788,8.8,0.7,5.9,2.9,1.0,3.75,Medium
S0789,7.3,4.5,6.7,2.4,3.3,3.13,Medium
S0790,4.4,4.4,7.3,4.6,2.5,3.43,Low
S0791,4.4,2.1,8.8,2.5,2.4,4.0,Low
S0792,7.2,3.7,8.8,2.6,0.5,3.17,Low
S0793,4.7,3.0,6.8,4.5,1.2,3.46,Low
S0794,7.3,2.5,5.6,2.2,2.3,3.45,Medium
S0795,5.3,1.4,10.0,4.3,3.3,3.53,Low
S0796,9.0,2.4,7.9,2.0,1.4,3.02,Low
S0797,3.0,1.4,3.2,0.8,3.5,3.23,Medium
S0798,8.2,2.5,5.2,4.4,1.8,2.74,Medium
S0799,7.1,3.5,10.1,3.5,1.2,2.93,Medium
S0800,9.0,1.0,6.2,5.0,1.8,3.16,Low
S0801,4.7,2.2,8.8,2.4,2.7,4.0,Low
S0802,8.3,1.3,6.7,1.6,2.1,3.26,Low
S0803,5.6,2.9,5.5,1.8,0.4,3.89,Medium
S0804,8.5,3.0,6.7,6.5,2.2,2.54,Low
S0805,9.5,2.4,5.9,0.9,2.2,2.99,Medium
S0806,5.6,2.6,7.4,1.6,1.3,4.0,Low
S0807,6.2,5.1,8.0,6.1,2.3,3.92,Medium
S0808,6.6,2.8,7.4,3.1,1.6,4.0,Low
S0809,4.3,2.4,5.5,4.9,0.9,3.46,Medium
S0810,6.5,2.1,6.0,3.4,1.2,3.55,Low
S0811,9.6,4.6,7.0,2.3,2.2,3.79,Medium
S0812,4.4,4.5,3.6,3.4,2.2,2.84,Medium
S0813,5.3,0.9,10.1,3.2,1.8,3.77,Low
S0814,4.9,0.8,4.8,5.2,1.0,2.52,Medium
S0815,3.5,2.3,8.3,1.0,1.7,4.0,Low
S0816,3.9,2.0,4.1,2.9,1.7,3.14,Medium
S0817,5.9,1.8,6.2,1.3,1.2,4.0,Low
S0818,10.3,5.1,8.9,3.6,2.1,3.0,Medium
S0819,4.1,2.8,6.8,3.0,2.3,3.71,Low
S0820,9.4,0.7,6.9,6.0,1.8,2.75,Medium
S0821,5.7,1.5,6.3,5.3,1.7,3.52,Low
S0822,1.7,5.0,6.5,3.6,0.6,1.51,Medium
S0823,6.7,4.7,7.3,1.4,1.8,4.0,Low
S0824,8.7,2.9,9.2,3.7,0.7,3.23,Medium
S0825,4.2,1.3,9.3,4.6,2.0,3.53,Low
S0826,7.4,2.2,5.7,3.7,0.4,2.63,Medium
S0827,4.3,2.2,5.2,7.1,0.9,3.41,Medium
S0828,7.5,2.1,7.3,0.6,0.4,3.19,Low
S0829,5.0,3.8,9.1,1.2,1.6,3.94,Low
S0830,8.1,1.1,9.6,4.5,3.2,3.33,Low
S0831,6.7,1.9,9.6,2.1,1.2,4.0,Low
S0832,9.5,1.4,8.5,4.5,0.5,3.53,Medium
S0833,4.7,1.6,6.1,7.1,1.9,4.0,Low
S0834,4.9,4.1,5.4,6.4,0.9,3.35,High
S0835,4.3,3.4,6.5,3.7,1.4,3.55,Low
S0836,2.4,1.7,6.9,1.6,1.2,2.72,Low
S0837,4.7,0.7,7.3,5.6,0.8,4.0,Low
S0838,4.9,3.2,6.6,3.1,0.2,3.8,Medium
S0839,6.8,3.0,4.1,2.5,3.5,3.22,Medium
S0840,9.2,3.2,7.3,4.9,2.7,2.79,Medium
S0841,5.1,2.2,6.5,6.7,2.1,3.57,Low
S0842,5.7,2.0,9.0,1.8,2.6,3.99,Low
S0843,5.8,0.7,10.1,3.2,1.1,4.0,Low
S0844,4.2,1.3,5.0,2.2,2.4,3.97,Low
S0845,5.2,1.4,5.3,2.3,3.2,3.6,Low
S0846,8.9,2.2,8.0,7.1,0.4,3.28,Medium
S0847,2.8,3.3,6.0,1.7,0.4,2.17,Low
S0848,6.1,2.1,3.9,4.8,0.2,2.37,High
S0849,7.4,4.3,6.7,3.3,1.5,3.37,Medium
S0850,8.9,1.8,7.5,6.1,3.3,3.52,Low
S0851,5.4,2.2,6.0,6.6,0.8,3.01,Low
S0852,4.0,2.0,10.8,0.9,1.8,3.98,Low
S0853,2.7,1.2,6.8,3.2,1.0,2.13,Low
S0854,4.2,5.0,9.7,2.3,1.7,3.92,Medium
S0855,9.2,0.2,8.5,6.4,0.6,3.2,Medium
S0856,3.9,2.1,7.9,4.4,3.8,4.0,Low
S0857,4.1,2.5,7.1,2.7,0.8,4.0,Low
S0858,3.7,2.5,7.9,3.2,3.7,4.0,Low
S0859,6.2,1.9,8.3,1.7,1.3,4.0,Low
S0860,7.6,2.3,8.4,3.5,1.2,3.03,Low
S0861,7.9,1.5,5.7,3.1,1.0,2.23,High
S0862,10.3,2.6,8.9,1.5,1.7,3.48,Medium
S0863,8.6,2.6,8.0,2.5,0.6,2.82,Low
S0864,8.6,1.5,10.0,6.6,1.0,2.83,Medium
S0865,4.4,4.3,10.0,2.8,1.1,4.0,Medium
S0866,4.0,3.3,4.3,0.9,1.3,3.08,Medium
S0867,4.5,1.7,7.0,2.3,0.9,3.8,Low
S0868,5.9,5.3,5.8,4.1,2.2,3.16,Medium
S0869,6.1,0.9,7.8,1.0,1.8,4.0,Low
S0870,8.3,0.5,8.8,2.9,0.9,3.2,Low
S0871,3.1,4.9,4.5,1.8,1.2,3.44,High
S0872,3.0,1.6,5.8,1.8,1.3,4.0,Medium
S0873,6.9,1.4,6.4,2.6,3.5,3.66,Low
S0874,5.4,3.6,8.9,5.3,1.2,3.53,Low
S0875,6.8,1.7,4.4,4.2,0.2,2.18,High
S0876,6.8,3.5,6.1,5.0,1.1,3.53,Low
S0877,5.0,3.3,7.9,7.2,0.9,4.0,Low
S0878,9.3,1.2,8.2,3.4,1.0,4.0,Medium
S0879,5.2,1.8,7.3,5.7,1.7,4.0,Low
S0880,2.3,1.4,7.0,2.2,0.9,3.38,Low
S0881,5.4,1.7,5.9,2.9,0.7,3.52,Medium
S0882,7.6,3.7,8.3,1.4,1.9,3.9,Low
S0883,8.2,2.6,7.6,2.9,1.6,3.83,Low
S0884,2.6,2.1,6.1,3.3,0.7,1.9,Low
S0885,6.8,3.6,5.3,1.3,0.8,3.72,Medium
S0886,5.2,1.0,7.7,5.5,2.6,4.0,Low
S0887,6.3,0.8,4.9,0.9,1.0,2.88,Medium
S0888,4.6,4.8,7.5,5.2,2.1,4.0,Medium
S0889,2.9,3.3,6.0,3.8,1.2,2.4,Low
S0890,1.9,3.1,8.0,5.2,3.4,2.25,Low
S0891,10.5,0.8,8.6,3.9,1.9,3.21,Medium
S0892,10.8,4.5,6.7,0.8,1.2,2.84,High
S0893,8.1,3.2,6.8,0.9,1.4,3.33,Low
S0894,6.4,1.7,7.1,1.0,3.4,4.0,Low
S0895,4.5,2.2,6.4,4.1,2.0,3.5,Low
S0896,4.2,1.1,7.7,0.8,1.8,4.0,Low
S0897,8.6,4.3,6.8,2.9,0.6,3.3,Medium
S0898,3.8,2.0,8.7,5.6,1.0,3.96,Low
S0899,5.7,1.3,4.8,5.9,2.5,2.94,Medium
S0900,4.4,2.5,4.7,4.6,1.8,3.35,Medium
S0901,3.5,1.3,5.4,1.0,1.8,4.0,Low
S0902,8.0,1.7,6.3,3.6,1.0,2.92,Low
S0903,1.9,3.3,7.5,3.5,2.2,1.98,Low
S0904,4.5,1.1,5.0,4.1,2.7,3.99,Low
S0905,10.2,2.8,5.4,1.3,2.5,3.86,Medium
S0906,7.6,3.2,8.7,0.9,2.3,3.47,Low
S0907,8.4,1.6,7.6,2.3,3.3,3.82,Low
S0908,3.3,3.2,5.4,1.9,1.5,3.86,Medium
S0909,9.3,1.4,5.1,4.6,1.6,2.73,Medium
S0910,3.3,3.1,7.4,4.6,1.1,4.0,Low
S0911,5.0,2.0,10.3,2.2,1.1,4.0,Low
S0912,3.9,4.5,5.9,5.8,0.6,2.91,High
S0913,6.5,4.4,5.3,6.8,1.4,3.85,High
S0914,4.2,1.3,6.1,1.2,0.8,3.81,Low
S0915,2.9,2.1,8.4,1.5,0.7,2.36,Low
S0916,2.8,1.2,9.4,5.1,1.2,2.46,Medium
S0917,6.5,2.5,7.8,4.1,1.9,4.0,Low
S0918,5.8,3.9,10.5,1.6,2.1,3.97,Low
S0919,6.6,5.3,10.3,4.1,1.0,3.75,Medium
S0920,7.6,4.4,6.5,3.8,1.4,3.14,Medium
S0921,5.0,1.7,8.2,6.2,3.2,4.0,Low
S0922,7.2,1.5,4.5,2.1,3.0,2.47,High
S0923,6.3,3.3,5.9,4.3,0.3,3.93,Medium
S0924,3.2,3.8,5.7,3.9,1.3,3.37,Medium
S0925,6.0,1.0,3.7,5.9,1.0,2.79,Medium
S0926,6.6,5.0,9.4,3.1,2.4,3.55,Medium
S0927,3.1,5.2,9.9,1.6,1.1,3.91,Medium
S0928,8.0,1.9,4.7,2.4,3.5,2.35,High
S0929,6.3,2.0,5.3,7.2,2.5,3.7,Medium
S0930,2.4,1.0,7.3,6.2,1.5,2.75,Low
S0931,8.3,2.1,7.9,4.4,0.8,3.71,Low
S0932,2.5,1.8,7.1,7.6,1.5,2.39,Low
S0933,8.0,2.1,8.4,3.6,2.8,4.0,Low
S0934,6.3,2.0,5.1,1.2,0.3,3.26,Medium
S0935,8.7,1.5,5.6,4.4,1.1,2.72,Medium
S0936,10.1,4.0,8.9,2.7,2.3,3.31,Medium
S0937,3.2,0.3,3.8,3.5,1.4,2.93,Medium
S0938,4.9,3.2,6.8,4.4,1.0,3.8,Low
S0939,7.9,2.7,5.6,1.9,1.9,3.21,Medium
S0940,3.9,4.1,7.7,2.9,1.5,4.0,Medium
S0941,3.6,2.8,6.4,7.5,1.5,4.0,Low
S0942,9.3,3.7,6.8,4.3,1.8,2.92,Medium
S0943,5.3,1.3,6.9,2.0,3.0,4.0,Low
S0944,5.6,2.8,7.2,1.4,1.3,4.0,Low
S0945,2.8,2.8,6.8,4.7,0.9,1.9,Low
S0946,9.5,3.2,6.7,3.2,0.6,2.45,High
S0947,10.8,3.0,6.0,3.5,0.7,2.42,High
S0948,7.0,3.5,7.8,3.7,2.9,4.0,Low
S0949,2.6,1.7,5.8,7.2,1.3,2.57,Medium
S0950,3.6,1.5,6.0,2.7,1.0,4.0,Low
S0951,1.8,4.2,10.0,2.4,1.2,1.91,Medium
S0952,3.3,3.6,7.5,0.8,1.9,4.0,Low
S0953,4.2,1.9,8.3,5.0,1.3,4.0,Low
S0954,7.5,2.3,9.2,5.9,0.6,2.98,Medium
S0955,9.6,3.8,8.4,1.8,2.5,3.66,Medium
S0956,10.0,0.7,5.2,3.3,1.7,3.33,Medium
S0957,6.4,0.4,9.9,0.8,0.8,3.51,Low
S0958,9.6,3.0,8.6,0.5,1.7,3.02,Medium
S0959,5.1,2.3,4.5,4.1,1.6,2.97,Medium
S0960,3.2,2.9,5.3,5.5,1.8,4.0,Medium
S0961,3.3,5.0,7.1,1.1,1.9,4.0,Low
S0962,8.0,5.2,7.0,2.9,2.3,3.61,Medium
S0963,3.1,2.5,7.2,1.2,1.4,4.0,Low
S0964,3.1,3.3,4.8,3.7,1.2,2.89,Medium
S0965,7.7,1.5,7.6,1.9,2.1,3.88,Low
S0966,3.0,2.1,5.3,4.2,2.3,4.0,Low
S0967,2.9,2.3,8.6,6.2,1.6,2.32,Low
S0968,4.7,4.0,7.0,3.0,1.5,4.0,Low
S0969,8.3,3.9,6.6,2.3,1.5,2.85,Low
S0970,7.7,2.3,6.3,1.3,1.0,3.43,Low
S0971,9.9,1.7,5.3,2.9,1.1,3.28,High
S0972,5.7,2.5,6.4,2.8,3.4,3.96,Low
S0973,4.6,1.5,5.8,2.9,2.3,4.0,Low
S0974,1.8,2.0,8.3,2.4,1.7,2.22,Low
S0975,3.6,3.4,4.3,5.3,0.9,2.6,Medium
S0976,7.1,1.7,9.3,1.4,0.8,3.26,Medium
S0977,5.3,0.9,5.5,6.4,3.5,4.0,Medium
S0978,5.7,1.6,7.9,4.0,3.6,4.0,Low
S0979,4.0,3.0,4.3,1.3,0.1,2.92,High
S0980,4.2,1.2,6.0,2.5,2.3,4.0,Low
S0981,5.6,0.8,3.8,1.3,1.3,3.26,Medium
S0982,7.8,2.2,6.4,1.3,2.8,3.48,Low
S0983,7.6,1.2,7.0,3.0,1.9,3.83,Low
S0984,5.6,0.7,4.4,1.7,0.4,3.09,Medium
S0985,7.2,3.3,5.1,5.2,0.8,2.49,High
S0986,4.6,1.5,7.0,2.7,3.6,4.0,Low
S0987,2.4,1.1,4.3,3.8,0.5,1.21,Medium
S0988,5.5,2.6,5.3,1.8,1.1,4.0,Medium
S0989,6.0,1.4,4.9,6.8,0.3,2.88,Medium
S0990,4.1,1.1,5.2,4.2,1.9,3.98,Low
S0991,7.6,4.7,7.9,1.6,1.0,3.67,Medium
S0992,2.5,3.2,6.6,6.0,2.0,2.45,Low
S0993,2.7,4.8,5.9,2.4,1.3,2.5,Medium
S0994,3.0,2.0,6.4,4.7,2.5,3.6,Low
S0995,3.3,1.9,6.5,1.6,2.4,3.73,Low
S0996,4.5,1.0,7.6,1.4,3.6,4.0,Low
S0997,7.6,1.9,7.3,5.9,1.7,3.47,Low
S0998,8.3,2.9,7.7,5.5,2.9,3.26,Low
S0999,9.3,0.9,7.2,4.5,2.3,3.26,Medium
S1000,7.8,3.3,4.7,2.9,0.8,2.31,High
S1001,4.4,0.4,6.6,3.4,1.9,4.0,Low
S1002,3.7,1.0,8.8,1.6,3.4,4.0,Low
S1003,8.3,2.3,10.2,1.2,1.1,2.88,Medium
S1004,9.5,0.8,7.2,3.6,2.0,3.99,Medium
S1005,3.9,1.9,8.8,1.8,2.6,4.0,Low
S1006,7.0,1.4,7.3,5.5,1.4,4.0,Low
S1007,10.3,2.2,5.1,2.6,3.2,3.54,Medium
S1008,8.8,1.8,4.6,4.4,1.1,2.18,High
S1009,7.6,2.1,6.9,4.7,1.3,2.48,Medium
S1010,4.5,2.4,8.5,2.5,1.6,4.0,Low
S1011,6.6,1.6,6.0,6.2,2.2,4.0,Low
S1012,2.0,2.8,7.0,3.3,1.2,3.09,Low
S1013,2.6,1.3,9.7,2.7,1.5,2.59,Low
S1014,5.4,1.5,8.1,1.6,0.9,4.0,Low
S1015,5.1,1.6,5.8,3.9,2.0,3.71,Low
S1016,2.6,1.6,10.2,3.6,2.1,2.67,Low
S1017,1.5,2.4,4.1,3.5,3.0,1.01,Medium
S1018,5.1,4.8,7.8,1.0,1.5,4.0,Medium
S1019,3.8,2.2,6.8,3.5,1.2,3.8,Low
S1020,8.1,3.0,6.3,6.2,3.0,2.72,Low
S1021,3.6,0.6,8.1,5.1,3.4,4.0,Low
S1022,5.6,0.5,5.8,2.9,1.9,4.0,Low
S1023,5.8,3.4,6.0,3.4,0.6,3.95,Low
S1024,6.8,5.5,6.0,3.1,1.2,3.64,Medium
S1025,5.0,4.0,7.8,5.6,0.9,3.9,Low
S1026,4.2,2.4,9.6,0.9,1.2,4.0,Low
S1027,8.4,2.0,5.5,2.7,1.3,3.34,Medium
S1028,5.4,5.4,6.9,1.0,1.0,4.0,Medium
S1029,5.0,1.2,9.7,4.7,1.0,4.0,Low
S1030,9.7,4.2,7.1,4.7,1.7,3.8,Medium
S1031,5.7,1.0,5.0,3.2,1.0,3.83,Medium
S1032,5.6,5.1,6.9,1.0,1.7,3.87,Low
S1033,8.3,5.7,6.7,2.3,2.9,3.44,Medium
S1034,4.8,0.6,6.3,2.1,2.1,3.64,Low
S1035,9.9,1.6,8.5,0.9,1.6,3.81,Medium
S1036,8.1,2.9,10.0,4.3,3.0,3.46,Low
S1037,5.5,1.0,7.1,1.4,1.8,4.0,Low
S1038,1.6,1.3,7.0,6.5,1.3,2.2,Low
S1039,4.9,3.2,7.4,2.2,1.3,4.0,Low
S1040,1.9,1.4,8.3,1.8,0.6,1.92,Low
S1041,5.2,0.3,4.6,5.0,2.3,2.9,Medium
S1042,7.6,4.0,8.5,3.1,1.0,3.64,Low
S1043,8.3,3.3,10.2,1.6,1.0,3.49,Medium
S1044,3.5,0.8,10.8,0.6,2.6,3.61,Low
S1045,4.5,3.9,7.2,5.8,3.1,4.0,Low
S1046,8.9,2.2,7.5,1.7,2.5,3.45,Low
S1047,10.3,1.6,7.0,1.2,1.7,3.45,Medium
S1048,5.0,1.8,7.1,3.5,0.2,4.0,Medium
S1049,7.4,3.2,6.4,0.9,2.3,2.8,Low
S1050,5.9,1.2,6.4,4.2,1.7,3.63,Low
S1051,4.7,2.0,7.3,0.3,0.6,4.0,Low
S1052,4.0,1.9,7.3,5.6,3.2,4.0,Low
S1053,7.2,0.9,7.7,2.7,1.5,3.73,Low
S1054,4.2,1.9,8.8,4.5,1.0,4.0,Low
S1055,3.0,1.5,9.4,3.5,1.6,3.29,Low
S1056,7.9,2.4,4.9,1.4,1.6,2.87,Medium
S1057,9.6,1.7,9.0,4.6,1.0,2.85,Medium
S1058,4.6,2.3,8.0,1.3,1.3,4.0,Low
S1059,5.3,2.5,8.6,1.7,2.5,4.0,Low
S1060,6.9,2.0,5.1,4.0,1.6,4.0,Low
S1061,6.4,1.8,9.3,3.5,0.6,3.97,Low
S1062,7.7,2.3,9.2,2.1,1.3,3.21,Medium
S1063,9.0,4.3,7.8,5.4,0.6,3.18,Medium
S1064,3.4,1.5,6.7,2.0,1.1,4.0,Low
S1065,3.1,1.6,7.3,2.8,1.2,4.0,Low
S1066,7.4,1.8,8.1,1.6,0.7,3.59,Low
S1067,4.4,3.7,5.8,1.0,0.7,3.81,Medium
S1068,3.9,2.5,7.1,3.9,1.0,4.0,Low
S1069,8.5,1.7,7.9,0.5,1.3,3.78,Low
S1070,2.5,3.6,5.6,4.1,2.5,1.68,Low
S1071,5.8,3.4,7.7,2.4,2.5,4.0,Low
S1072,7.3,1.9,6.1,2.9,2.5,2.78,Low
S1073,9.5,2.5,7.7,5.8,0.6,3.53,Medium
S1074,8.1,4.0,6.6,1.2,1.4,3.01,Low
S1075,3.8,1.6,8.3,1.1,2.6,4.0,Low
S1076,2.7,1.8,4.7,6.6,2.5,1.07,Medium
S1077,5.1,1.4,9.5,2.4,0.8,3.9,Low
S1078,1.4,1.5,9.6,1.7,0.7,1.73,Low
S1079,5.8,4.1,6.9,7.5,2.0,3.32,Medium
S1080,5.8,1.7,4.7,0.2,1.4,2.79,Medium
S1081,8.2,2.6,10.8,2.1,1.1,3.21,Medium
S1082,4.1,3.6,9.3,6.9,1.0,3.71,Medium
S1083,8.8,1.7,4.9,5.5,1.9,2.22,High
S1084,4.1,3.3,6.8,7.3,0.5,3.14,Low
S1085,4.5,2.3,7.0,2.3,2.2,4.0,Low
S1086,5.7,3.8,6.1,2.6,1.1,4.0,Low
S1087,5.2,1.6,9.9,2.3,0.6,3.49,Low
S1088,2.9,1.4,6.9,2.8,2.4,2.51,Low
S1089,7.2,2.1,6.3,2.3,2.4,3.27,Low
S1090,3.1,1.5,9.5,5.4,2.1,4.0,Low
S1091,5.2,2.4,10.1,6.7,0.9,3.34,Medium
S1092,3.7,3.0,6.6,6.2,0.6,3.66,Low
S1093,5.4,4.5,9.2,1.6,1.2,3.68,Medium
S1094,10.3,4.5,5.3,1.4,0.6,3.11,High
S1095,9.2,1.3,6.6,2.9,1.8,3.63,Medium
S1096,4.0,4.4,7.6,1.1,3.0,4.0,Low
S1097,10.1,0.8,7.1,2.2,1.3,3.89,Medium
S1098,10.1,2.3,4.6,3.7,1.2,1.92,High
S1099,8.4,2.1,5.5,1.7,2.3,3.56,Medium
S1100,3.6,1.7,6.9,6.3,3.1,3.57,Low
S1101,3.6,1.8,5.2,3.2,1.5,3.75,Medium
S1102,9.0,3.7,3.3,2.3,1.4,1.78,High
S1103,3.8,1.3,4.1,3.9,1.0,3.13,Medium
S1104,5.3,2.0,10.2,1.8,0.9,3.81,Low
S1105,4.1,1.2,6.5,5.9,1.9,4.0,Low
S1106,2.3,1.4,7.3,3.7,0.4,2.46,Low
S1107,4.8,2.9,7.9,3.8,1.1,4.0,Low
S1108,3.1,4.8,6.9,2.3,2.3,3.74,Low
S1109,5.4,1.7,8.5,5.5,2.0,4.0,Low
S1110,7.4,1.1,5.7,5.6,0.3,2.62,Medium
S1111,7.3,2.2,6.8,0.3,2.5,3.29,Low
S1112,6.7,3.2,9.8,3.3,1.3,3.16,Low
S1113,10.0,2.9,6.1,1.4,2.6,3.72,Medium
S1114,5.2,1.3,7.4,1.0,1.3,4.0,Low
S1115,5.7,2.1,8.2,5.1,2.3,4.0,Low
S1116,8.2,3.9,6.1,2.8,1.5,3.32,Low
S1117,3.3,0.5,9.7,2.0,1.0,4.0,Low
S1118,9.2,1.8,7.5,0.8,0.9,3.56,Medium
S1119,8.1,3.5,6.3,2.5,1.6,3.1,Low
S1120,7.9,1.6,5.5,3.1,2.7,2.87,Medium
S1121,3.8,0.8,6.4,4.5,1.7,3.94,Low
S1122,5.3,0.6,10.3,2.6,0.8,4.0,Low
S1123,6.6,1.6,7.4,3.5,1.4,4.0,Low
S1124,5.0,2.5,7.7,4.8,1.3,4.0,Low
S1125,6.4,1.2,9.5,2.6,2.2,4.0,Low
S1126,5.6,4.6,6.9,3.1,0.7,3.49,Medium
S1127,7.8,1.5,9.2,5.9,3.2,3.71,Medium
S1128,7.6,1.1,7.4,0.7,1.5,3.67,Low
S1129,3.3,1.3,6.4,2.8,1.9,4.0,Low
S1130,3.5,2.6,7.6,3.4,2.2,4.0,Low
S1131,4.4,3.5,6.7,3.0,1.9,3.54,Low
S1132,2.7,0.9,9.4,4.1,0.7,2.28,Low
S1133,4.5,2.7,8.7,0.8,1.0,3.37,Low
S1134,2.5,0.5,5.8,5.6,1.4,2.51,Medium
S1135,7.0,4.5,6.6,1.7,1.6,4.0,Low
S1136,5.9,4.4,5.0,3.3,2.8,3.68,Medium
S1137,4.8,2.3,4.5,2.1,1.2,3.17,Medium
S1138,5.1,3.0,5.3,3.0,2.2,4.0,Low
S1139,8.6,2.8,7.7,1.4,3.2,3.91,Low
S1140,4.0,4.7,8.0,4.6,0.9,3.86,Medium
S1141,5.0,2.8,8.3,1.3,3.3,4.0,Low
S1142,8.1,2.4,6.8,2.3,1.8,3.46,Low
S1143,7.1,2.0,7.6,4.2,2.1,3.1,Low
S1144,3.8,2.3,9.1,2.5,2.3,3.91,Low
S1145,2.8,2.2,10.5,4.7,0.9,1.52,Low
S1146,4.8,3.6,8.3,1.9,3.0,4.0,Low
S1147,6.0,1.9,7.0,3.6,1.7,4.0,Low
S1148,3.4,3.8,7.2,1.4,2.3,3.44,Low
S1149,9.6,4.8,6.4,1.5,1.6,3.13,Medium
S1150,4.8,1.9,8.4,2.9,0.8,3.98,Low
S1151,4.0,2.4,5.2,3.7,1.7,3.89,Low
S1152,9.2,4.8,5.8,1.5,1.1,3.34,High
S1153,9.0,5.1,8.9,1.3,3.2,3.25,Medium
S1154,5.0,0.6,7.2,2.4,1.5,4.0,Low
S1155,6.2,4.1,7.7,2.8,2.5,3.96,Low
S1156,2.2,3.0,8.9,1.6,2.5,2.58,Low
S1157,8.4,4.5,5.9,5.9,1.1,2.91,High
S1158,2.2,3.3,6.8,2.0,0.9,2.22,Low
S1159,6.6,0.1,8.5,1.1,0.9,4.0,Low
S1160,4.5,1.7,9.9,3.9,0.3,2.78,Low
S1161,4.9,4.2,6.1,1.2,2.3,4.0,Low
S1162,2.3,1.1,7.5,1.8,1.6,3.58,Low
S1163,5.7,1.6,9.7,5.3,2.2,3.43,Low
S1164,10.6,1.2,6.9,2.5,1.9,3.29,Medium
S1165,3.1,2.1,6.0,5.7,0.4,3.79,Low
S1166,2.0,5.1,7.1,2.2,1.2,2.8,Medium
S1167,2.5,5.5,4.1,3.9,1.4,1.03,High
S1168,6.9,0.8,5.5,1.9,2.2,4.0,Low
S1169,3.5,2.6,5.6,5.4,3.2,3.14,Medium
S1170,3.8,0.7,5.9,3.9,1.6,3.88,Low
S1171,9.8,2.0,7.9,3.0,1.6,3.7,Medium
S1172,5.2,3.2,9.6,2.3,0.4,3.19,Low
S1173,5.3,2.5,5.3,4.6,3.6,3.91,Low
S1174,5.1,2.5,8.8,3.0,1.3,4.0,Low
S1175,5.3,2.6,5.5,5.8,2.0,3.57,Medium
S1176,6.1,1.0,4.6,3.2,1.3,3.08,Medium
S1177,6.0,0.9,6.7,1.7,3.6,4.0,Low
S1178,4.3,0.9,10.1,2.1,1.4,4.0,Low
S1179,6.4,0.5,8.5,3.3,1.1,4.0,Low
S1180,3.9,0.8,7.9,3.5,1.3,4.0,Low
S1181,4.5,1.4,7.7,6.8,0.8,3.56,Low
S1182,5.0,1.5,8.6,3.0,1.7,4.0,Low
S1183,4.2,1.3,4.7,4.3,0.9,2.43,Medium
S1184,4.8,2.2,6.4,1.3,1.1,4.0,Low
S1185,6.6,3.0,6.0,2.9,0.9,3.65,Low
S1186,3.7,1.6,5.0,3.8,0.5,3.57,Medium
S1187,3.1,2.9,6.3,4.3,1.7,4.0,Low
S1188,3.0,2.5,6.7,2.1,1.8,3.62,Low
S1189,8.6,5.8,7.5,2.7,0.9,3.46,Medium
S1190,4.5,4.5,6.4,2.5,1.3,3.49,Medium
S1191,8.2,2.9,7.5,2.3,2.5,3.05,Low
S1192,5.3,3.0,3.6,5.5,1.4,3.09,Medium
S1193,4.4,1.1,6.8,3.1,1.3,3.56,Low
S1194,10.2,2.7,8.5,1.3,1.3,4.0,Medium
S1195,4.4,2.6,8.9,1.1,0.5,3.58,Low
S1196,6.6,2.5,8.7,1.4,0.7,3.85,Low
S1197,5.8,4.8,6.6,2.3,1.8,4.0,Low
S1198,8.0,1.6,5.8,4.8,0.5,2.53,Medium
S1199,4.6,2.3,7.2,4.4,1.2,4.0,Low
S1200,5.7,2.9,5.9,1.2,0.7,4.0,Medium
S1201,3.7,2.3,8.7,4.2,2.4,3.47,Low
S1202,4.7,1.3,4.4,3.6,3.6,2.48,Medium
S1203,3.3,0.6,8.3,2.0,2.6,4.0,Low
S1204,4.8,3.0,6.9,3.8,1.4,3.84,Low
S1205,3.5,2.4,7.1,5.0,2.2,4.0,Low
S1206,7.0,2.3,9.2,6.0,0.5,3.6,Medium
S1207,8.0,0.6,6.4,3.3,0.8,2.89,Low
S1208,7.0,4.5,7.9,4.0,1.3,3.94,Medium
S1209,1.2,1.0,7.1,4.1,1.4,2.35,Low
S1210,2.6,1.3,8.7,4.4,2.9,2.82,Low
S1211,3.0,5.5,5.6,0.4,3.8,4.0,Medium
S1212,3.4,2.6,9.2,2.3,2.0,3.63,Low
S1213,3.5,2.8,6.3,1.8,1.1,3.57,Low
S1214,5.0,1.7,8.1,6.8,1.4,4.0,Low
S1215,8.5,2.6,5.2,4.1,1.6,3.34,Medium
S1216,5.0,4.4,8.2,3.0,1.8,4.0,Low
S1217,4.3,5.3,7.7,0.8,1.2,4.0,Medium
S1218,1.9,2.1,6.3,2.8,1.0,2.05,Low
S1219,3.3,3.1,7.1,1.8,1.1,4.0,Low
S1220,3.2,0.8,8.5,4.6,2.3,4.0,Low
S1221,7.0,3.0,6.9,3.9,0.4,3.89,Low
S1222,5.4,1.8,6.0,3.9,2.1,3.97,Low
S1223,8.6,1.8,8.3,3.4,2.8,4.0,Low
S1224,5.9,3.4,9.9,1.1,0.5,4.0,Low
S1225,9.7,2.4,7.5,3.0,0.6,3.73,Medium
S1226,4.2,1.7,8.7,1.1,2.8,4.0,Low
S1227,3.9,2.7,9.6,4.1,1.3,3.48,Low
S1228,4.0,5.7,8.2,3.9,1.2,4.0,Medium
S1229,2.3,0.5,7.2,4.6,1.6,2.41,Low
S1230,5.0,0.8,9.8,1.9,3.0,3.8,Low
S1231,4.9,5.4,7.2,6.2,0.1,4.0,High
S1232,3.1,0.9,6.7,6.2,1.7,3.87,Low
S1233,5.6,1.1,3.2,5.0,0.6,2.91,Medium
S1234,3.6,3.0,4.6,3.6,0.8,2.77,Medium
S1235,7.2,1.7,6.9,3.6,0.8,2.54,Low
S1236,6.5,1.2,7.8,1.4,1.4,4.0,Low
S1237,3.9,3.4,5.9,5.6,2.9,3.94,Medium
S1238,2.7,1.9,8.0,4.0,1.9,2.43,Low
S1239,4.1,1.9,4.8,4.3,1.6,2.7,Medium
S1240,4.3,1.8,3.9,2.4,2.5,3.45,Medium
S1241,9.0,2.4,6.8,0.7,2.8,2.46,Medium
S1242,9.4,0.5,7.3,3.3,0.9,3.26,Medium
S1243,4.9,2.9,8.0,0.1,3.1,4.0,Low
S1244,3.9,0.6,5.0,7.2,1.1,3.62,Medium
S1245,3.0,1.0,8.0,5.4,1.0,3.86,Low
S1246,5.5,1.5,9.6,5.9,1.7,3.69,Low
S1247,4.5,1.9,6.6,4.4,1.4,4.0,Low
S1248,2.8,1.3,6.6,1.8,2.8,1.92,Low
S1249,3.3,2.2,7.4,4.2,1.3,4.0,Low
S1250,5.0,0.8,6.9,5.1,1.8,4.0,Low
S1251,8.2,2.3,4.9,0.5,1.1,2.59,Medium
S1252,4.1,2.3,6.7,2.7,1.0,4.0,Low
S1253,3.1,1.3,4.3,1.8,0.2,2.46,High
S1254,10.5,1.3,6.3,2.4,0.2,3.31,High
S1255,8.2,0.5,9.6,5.7,1.6,3.72,Medium
S1256,4.7,2.9,4.2,0.9,1.4,3.17,Medium
S1257,5.7,4.3,4.8,5.1,0.9,2.22,High
S1258,4.7,1.2,7.0,4.9,1.4,4.0,Low
S1259,5.3,4.0,7.9,3.1,1.0,4.0,Low
S1260,3.7,1.6,8.5,0.8,3.7,4.0,Low
S1261,3.1,3.7,6.6,3.1,2.8,4.0,Low
S1262,2.3,0.1,5.8,4.1,0.7,1.29,Medium
S1263,2.9,2.0,7.6,4.3,0.8,2.7,Low
S1264,8.5,3.5,5.3,5.1,2.3,2.97,Medium
S1265,6.0,1.8,5.9,1.4,1.6,3.46,Low
S1266,5.2,1.9,7.6,5.8,0.8,4.0,Low
S1267,4.6,1.1,7.5,4.4,3.1,4.0,Low
S1268,2.4,4.3,7.1,4.0,2.6,2.61,Low
S1269,3.2,0.6,9.0,2.3,0.7,4.0,Low
S1270,2.0,1.6,4.0,2.7,2.9,1.47,Medium
S1271,10.8,2.9,5.3,5.9,1.6,3.34,High
S1272,6.9,1.3,5.6,4.1,0.9,3.77,Medium
S1273,5.0,3.6,8.4,2.9,2.4,4.0,Low
S1274,3.7,1.6,6.2,1.4,1.0,4.0,Low
S1275,3.6,2.2,9.3,1.3,2.2,3.82,Low
S1276,9.4,2.6,6.4,4.6,1.0,3.19,Medium
S1277,6.8,0.6,8.7,2.9,1.9,4.0,Low
S1278,7.5,2.2,7.5,2.9,2.9,3.47,Low
S1279,5.4,3.9,8.5,2.7,1.0,4.0,Low
S1280,3.7,2.4,8.5,2.4,1.9,4.0,Low
S1281,3.8,1.0,8.4,1.3,1.0,4.0,Low
S1282,10.5,5.3,5.9,0.8,2.1,3.38,High
S1283,5.0,1.0,7.9,0.7,2.8,4.0,Low
S1284,4.7,1.8,5.7,3.0,1.7,4.0,Low
S1285,6.3,1.5,9.7,1.6,3.4,4.0,Low
S1286,4.3,2.1,7.3,2.8,1.4,4.0,Low
S1287,7.2,3.1,8.7,2.0,1.8,2.76,Low
S1288,5.3,1.7,5.1,1.8,0.6,4.0,Medium
S1289,6.7,3.0,9.7,4.4,0.5,4.0,Low
S1290,10.5,2.4,9.3,1.2,0.9,2.58,Medium
S1291,5.0,2.7,8.6,7.2,1.3,3.42,Low
S1292,5.3,3.4,8.3,3.1,1.1,4.0,Low
S1293,10.5,3.0,6.6,2.1,2.2,3.1,Medium
S1294,5.6,1.6,7.6,1.4,2.0,4.0,Low
S1295,4.1,0.0,5.0,6.2,2.7,4.0,Medium
S1296,6.1,5.1,6.5,4.1,0.5,3.29,Medium
S1297,4.7,5.0,7.2,2.2,0.7,4.0,Medium
S1298,4.6,4.8,3.8,2.2,3.0,3.61,Medium
S1299,4.3,1.5,7.1,5.1,0.6,4.0,Low
S1300,4.6,2.0,8.4,6.7,0.7,3.74,Low
S1301,4.9,2.3,6.5,2.5,0.5,3.51,Low
S1302,3.5,3.8,8.5,3.0,1.1,4.0,Low
S1303,6.4,1.6,5.7,4.4,0.4,3.37,Medium
S1304,9.6,2.4,6.4,5.5,1.3,2.92,Medium
S1305,4.4,1.4,6.5,2.3,2.0,4.0,Low
S1306,2.5,1.3,6.6,6.3,1.3,1.8,Low
S1307,6.6,1.5,5.0,1.0,1.1,3.9,Medium
S1308,7.4,0.4,7.2,2.5,1.6,3.7,Low
S1309,5.8,1.7,6.1,4.4,2.8,3.71,Low
S1310,5.7,1.8,5.0,3.6,1.6,4.0,Low
S1311,3.6,2.2,8.5,3.6,0.6,4.0,Low
S1312,7.7,2.8,5.2,4.3,2.0,3.23,Medium
S1313,1.9,2.0,6.3,4.0,0.9,1.74,Low
S1314,7.8,4.5,10.2,0.4,1.9,3.15,Medium
S1315,4.8,4.1,5.8,7.0,1.8,3.97,Medium
S1316,1.9,3.8,3.7,3.9,1.2,1.0,Medium
S1317,6.2,3.1,6.3,1.3,0.5,3.88,Low
S1318,7.2,2.4,6.7,2.6,0.3,3.76,Low
S1319,4.4,5.2,9.0,2.3,1.8,3.94,Low
S1320,1.8,0.8,7.0,6.8,2.1,2.65,Low
S1321,2.5,1.3,8.3,5.2,1.9,2.73,Low
S1322,8.1,3.6,5.9,4.3,0.9,2.82,Medium
S1323,2.2,1.3,5.4,2.4,1.4,1.52,Medium
S1324,4.0,0.5,7.4,2.6,1.1,4.0,Low
S1325,8.6,3.4,8.9,3.1,0.7,2.51,Low
S1326,5.0,0.8,8.6,1.4,2.9,4.0,Low
S1327,8.5,2.2,8.1,3.7,2.5,4.0,Low
S1328,5.1,4.7,6.9,2.9,2.4,3.9,Low
S1329,8.0,2.5,5.4,2.9,3.4,3.52,Medium
S1330,2.0,2.2,7.6,5.1,0.4,2.68,Low
S1331,8.4,2.5,5.5,2.3,1.1,3.1,Medium
S1332,3.3,3.8,5.1,1.9,1.4,4.0,Medium
S1333,5.5,3.5,6.8,4.8,1.9,3.19,Low
S1334,7.2,2.6,6.5,1.7,1.0,2.93,Low
S1335,5.9,2.1,7.1,1.7,2.0,4.0,Low
S1336,5.3,5.2,6.3,3.6,0.6,3.7,Medium
S1337,6.1,0.9,9.9,4.3,2.4,4.0,Low
S1338,5.0,4.0,9.8,3.1,3.1,4.0,Low
S1339,5.9,2.5,6.8,1.8,0.1,3.72,Medium
S1340,4.6,2.1,10.2,2.4,1.4,3.51,Low
S1341,3.1,0.7,8.3,3.5,2.3,4.0,Low
S1342,3.9,1.4,3.6,1.4,1.1,2.86,Medium
S1343,3.0,5.4,6.1,1.4,0.9,3.5,Medium
S1344,8.5,5.0,5.8,2.9,0.3,3.04,High
S1345,6.4,2.0,5.9,1.8,2.0,3.63,Low
S1346,6.8,2.6,8.9,1.4,2.4,3.9,Low
S1347,6.6,1.0,7.9,2.8,3.2,4.0,Low
S1348,4.6,4.9,6.2,6.7,2.9,3.52,Medium
S1349,4.0,3.7,10.6,2.0,1.4,3.44,Low
S1350,1.7,1.4,6.0,2.8,0.8,1.76,Low
S1351,8.7,3.2,4.7,3.9,2.0,2.34,High
S1352,9.6,3.3,8.3,1.2,1.6,3.77,Medium
S1353,3.8,1.3,8.5,1.5,1.5,4.0,Low
S1354,4.2,2.1,6.1,2.1,3.4,4.0,Low
S1355,3.2,3.3,3.1,3.6,3.0,2.74,Medium
S1356,6.5,3.2,7.8,2.3,1.0,4.0,Low
S1357,10.0,4.6,6.8,5.3,1.4,2.75,High
S1358,4.9,2.5,3.8,2.8,2.4,3.12,Medium
S1359,6.7,2.9,9.3,0.5,1.7,3.86,Low
S1360,4.3,1.1,9.1,3.0,2.8,4.0,Low
S1361,6.0,3.0,8.5,4.0,1.3,4.0,Low
S1362,4.6,1.9,4.7,6.0,0.6,2.72,Medium
S1363,6.4,2.0,6.6,4.1,0.5,3.92,Low
S1364,8.1,1.2,9.2,3.9,2.8,3.25,Low
S1365,5.3,2.5,9.4,5.8,1.4,3.59,Medium
S1366,4.7,1.6,5.9,5.4,0.5,3.05,Medium
S1367,6.7,1.2,6.3,1.0,1.0,4.0,Low
S1368,3.7,2.2,6.9,5.5,2.3,3.89,Low
S1369,5.5,3.0,8.8,0.4,1.3,3.87,Low
S1370,5.7,2.4,6.3,3.2,2.0,3.92,Low
S1371,4.8,3.2,8.9,1.6,1.4,4.0,Low
S1372,3.9,2.9,9.0,2.7,3.0,3.75,Low
S1373,11.2,1.0,5.7,6.5,3.3,3.1,High
S1374,8.3,0.4,7.4,2.1,2.7,3.4,Low
S1375,4.1,3.1,7.8,1.9,0.4,3.71,Low
S1376,7.9,3.7,6.8,3.7,1.8,2.89,Low
S1377,8.1,2.1,6.0,2.1,1.6,2.68,Low
S1378,2.7,3.2,5.6,1.8,1.3,1.97,Medium
S1379,3.7,2.6,6.4,2.9,1.6,3.86,Low
S1380,8.8,2.1,6.6,0.8,1.5,2.98,Low
S1381,5.7,2.5,7.9,1.7,1.0,4.0,Low
S1382,3.7,0.7,6.2,1.5,2.1,3.66,Low
S1383,5.6,1.1,3.5,5.0,0.8,2.21,Medium
S1384,6.0,1.7,4.7,1.9,0.9,3.22,Medium
S1385,4.9,3.0,5.9,0.4,1.6,3.93,Medium
S1386,6.0,2.2,7.3,6.1,2.6,4.0,Low
S1387,4.3,1.5,5.9,3.1,2.2,3.57,Low
S1388,7.1,3.7,6.0,4.0,1.4,3.1,Low
S1389,8.9,4.0,7.1,4.2,2.8,3.0,Low
S1390,7.3,1.4,6.5,5.5,2.2,3.09,Low
S1391,4.8,1.4,6.4,2.1,0.8,3.44,Low
S1392,5.1,1.9,10.2,2.6,0.6,3.95,Low
S1393,2.7,2.7,7.4,2.7,1.4,3.01,Low
S1394,5.4,1.2,4.8,1.4,0.6,2.7,Medium
S1395,6.1,1.3,5.8,1.7,3.3,3.88,Low
S1396,4.3,1.4,7.0,0.6,2.0,4.0,Low
S1397,5.5,4.3,5.3,4.9,2.4,3.72,Medium
S1398,3.4,1.5,5.9,3.4,1.3,3.51,Medium
S1399,9.9,1.1,10.1,1.9,2.3,3.03,Medium
S1400,8.5,1.7,7.7,3.4,1.5,3.48,Low
S1401,5.3,3.3,4.7,4.0,2.9,2.85,Medium
S1402,4.8,1.1,7.0,1.4,1.5,4.0,Low
S1403,7.4,1.5,6.9,7.4,2.1,3.01,Low
S1404,7.5,0.6,5.0,1.8,1.3,3.65,Medium
S1405,8.3,1.8,7.7,4.3,1.8,3.9,Low
S1406,4.4,0.9,10.5,1.4,0.5,3.14,Low
S1407,8.7,1.7,7.7,2.3,1.3,3.55,Low
S1408,4.8,3.3,7.0,6.4,0.4,3.62,Low
S1409,5.4,2.6,9.4,0.9,1.7,3.67,Low
S1410,8.7,0.4,8.1,6.2,2.0,3.78,Low
S1411,5.0,0.6,9.4,3.0,0.3,3.64,Low
S1412,3.0,1.4,4.4,3.5,1.9,3.59,Medium
S1413,5.4,3.8,8.9,3.7,0.2,3.28,Medium
S1414,5.8,2.9,6.3,6.0,0.7,4.0,Low
S1415,6.6,0.2,9.4,1.3,0.6,3.36,Low
S1416,3.7,2.7,6.8,0.7,1.1,3.35,Low
S1417,7.9,3.1,8.0,4.2,1.1,3.51,Low
S1418,8.2,5.3,7.0,0.4,0.7,3.15,Medium
S1419,4.3,2.6,4.6,6.4,1.2,3.02,Medium
S1420,7.4,2.7,7.5,3.8,1.9,3.62,Low
S1421,5.7,5.4,8.1,4.7,2.8,4.0,Low
S1422,8.1,2.1,7.3,3.2,0.4,2.48,Medium
S1423,6.2,3.8,5.2,3.6,1.8,3.78,Low
S1424,3.7,1.2,7.7,3.7,1.9,4.0,Low
S1425,2.7,4.3,6.5,2.3,1.5,2.8,Medium
S1426,9.5,1.7,8.9,4.8,3.1,3.01,Medium
S1427,3.8,2.6,6.0,5.1,0.1,2.93,Medium
S1428,4.3,2.9,8.8,3.7,2.7,4.0,Low
S1429,4.0,2.4,6.8,0.4,1.7,4.0,Low
S1430,7.2,2.6,4.5,1.4,1.8,3.02,Medium
S1431,4.0,0.8,6.7,3.4,1.2,4.0,Low
S1432,4.3,3.4,7.6,3.8,1.7,4.0,Low
S1433,1.6,3.1,6.5,6.3,2.5,1.35,Low
S1434,3.6,1.8,6.9,2.2,1.6,4.0,Low
S1435,3.3,5.2,4.9,6.2,3.0,3.53,High
S1436,5.0,2.8,6.3,2.2,1.8,4.0,Low
S1437,5.4,2.6,6.0,2.5,0.6,3.32,Low
S1438,8.6,2.3,6.1,3.2,1.3,3.36,Low
S1439,5.8,1.0,10.7,2.7,1.2,3.73,Low
S1440,8.2,2.2,8.0,1.3,2.6,4.0,Low
S1441,7.2,1.4,5.2,2.3,3.5,3.21,Medium
S1442,2.0,2.0,7.3,6.5,1.6,2.3,Low
S1443,8.0,2.5,4.1,2.3,1.7,2.29,High
S1444,3.6,4.6,8.8,4.7,1.3,3.59,Medium
S1445,5.4,2.2,5.8,3.1,0.3,3.36,Medium
S1446,5.5,1.9,8.1,4.8,2.3,4.0,Low
S1447,7.1,1.4,6.3,3.0,1.2,3.07,Low
S1448,3.1,2.0,10.2,1.9,1.8,4.0,Low
S1449,4.9,0.8,7.0,4.2,1.6,4.0,Low
S1450,2.7,4.7,6.5,3.5,2.4,2.51,Low
S1451,4.3,3.2,5.1,2.2,0.8,3.53,Medium
S1452,7.0,4.8,7.1,3.3,1.5,4.0,Medium
S1453,4.3,2.2,7.4,7.2,3.1,4.0,Low
S1454,9.0,2.0,9.9,2.7,1.8,3.17,Low
S1455,6.9,4.8,5.8,4.5,1.6,4.0,Medium
S1456,5.7,3.0,6.2,3.0,1.9,3.78,Low
S1457,4.8,1.3,9.9,3.2,2.2,3.27,Low
S1458,4.8,2.0,7.2,3.3,1.5,3.97,Low
S1459,3.1,2.3,5.3,1.4,3.1,4.0,Low
S1460,4.7,4.4,7.6,4.7,1.2,4.0,Medium
S1461,10.1,3.8,8.8,1.7,1.0,3.0,Medium
S1462,8.4,0.5,4.6,2.1,0.9,1.92,High
S1463,3.8,3.7,7.3,0.3,1.4,4.0,Low
S1464,6.7,3.2,8.0,4.4,0.0,3.93,Medium
S1465,10.0,3.8,9.2,0.5,3.1,3.23,Medium
S1466,2.8,3.3,9.9,4.1,1.7,2.42,Low
S1467,9.8,2.1,7.4,3.0,3.1,3.8,Medium
S1468,6.8,3.6,7.3,5.9,3.2,4.0,Low
S1469,2.5,2.0,3.9,2.3,1.6,1.96,Medium
S1470,4.0,4.4,9.5,2.6,2.9,4.0,Medium
S1471,4.6,3.3,6.9,1.4,3.1,4.0,Low
S1472,4.5,0.4,4.8,3.1,2.1,2.9,Medium
S1473,4.3,3.1,7.9,4.2,1.5,4.0,Low
S1474,5.0,1.3,6.1,0.8,1.9,4.0,Low
S1475,3.9,1.7,8.3,2.3,1.0,4.0,Low
S1476,3.1,2.2,7.0,4.1,1.9,4.0,Low
S1477,7.9,0.6,6.1,2.1,0.8,2.7,Low
S1478,5.5,3.0,6.5,4.3,1.2,3.46,Low
S1479,4.1,2.5,3.9,1.1,1.4,3.23,Medium
S1480,2.7,4.0,8.1,3.7,2.5,2.85,Low
S1481,4.8,1.4,7.0,3.3,1.6,4.0,Low
S1482,9.1,4.2,8.5,6.4,0.6,3.33,High
S1483,4.0,2.3,8.8,3.1,2.3,3.68,Low
S1484,7.1,1.2,6.4,2.1,1.2,3.12,Low
S1485,6.9,1.9,7.2,1.3,2.5,4.0,Low
S1486,7.1,1.4,9.1,3.7,1.4,2.72,Medium
S1487,3.5,4.8,8.2,1.8,1.2,4.0,Medium
S1488,7.5,2.1,8.0,2.6,0.9,3.78,Low
S1489,6.3,5.2,6.2,2.9,2.0,4.0,Low
S1490,7.4,0.7,10.8,4.6,2.7,3.14,Low
S1491,6.5,4.0,4.9,2.4,2.8,3.36,Medium
S1492,3.3,4.0,7.8,3.2,2.6,4.0,Low
S1493,4.9,1.3,6.0,3.1,1.6,3.97,Low
S1494,5.9,3.6,5.5,0.9,2.8,3.98,Low
S1495,2.6,1.5,7.9,2.7,2.8,3.2,Low
S1496,4.6,2.5,9.0,6.0,1.0,3.29,Low
S1497,5.1,2.5,9.7,7.7,1.0,3.57,Medium
S1498,1.5,0.3,6.8,3.0,0.3,2.13,Low
S1499,6.8,1.6,7.2,2.2,0.8,3.77,Low
S1500,5.6,1.3,7.0,1.6,2.0,4.0,Low
S1501,7.3,1.0,6.9,1.1,1.8,3.36,Low
S1502,5.5,4.6,7.2,3.5,1.3,3.79,Medium
S1503,9.9,3.5,6.0,5.3,1.4,3.22,Medium
S1504,3.5,3.2,6.0,2.2,1.1,4.0,Low
S1505,7.1,1.4,3.2,4.3,0.8,1.92,High
S1506,4.6,2.2,4.2,6.8,2.2,2.89,Medium
S1507,4.3,1.7,6.8,3.8,0.8,3.6,Low
S1508,3.9,1.9,9.0,4.0,1.2,3.71,Low
S1509,6.7,0.4,8.1,3.0,2.5,4.0,Low
S1510,4.5,2.2,7.8,5.6,0.9,4.0,Low
S1511,9.3,3.8,10.2,5.6,1.1,3.35,High
S1512,7.9,4.4,7.5,0.3,0.9,2.85,Medium
S1513,2.8,1.9,7.0,0.8,1.2,2.95,Low
S1514,5.1,2.3,6.7,6.5,0.9,3.18,Low
S1515,5.5,3.3,7.2,6.2,1.3,4.0,Low
S1516,6.1,1.6,5.3,3.3,1.6,3.78,Low
S1517,2.6,3.1,7.5,1.7,1.5,3.07,Low
S1518,4.7,1.7,7.5,6.3,2.0,4.0,Low
S1519,2.6,2.2,9.1,1.2,3.6,2.44,Low
S1520,8.3,2.0,6.8,3.8,2.4,3.28,Low
S1521,2.1,2.7,5.4,2.4,1.2,1.89,Medium
S1522,2.9,1.1,4.0,3.0,3.3,1.59,Medium
S1523,3.0,4.8,8.1,3.8,1.9,4.0,Low
S1524,6.0,3.9,4.5,4.1,1.6,3.01,Medium
S1525,4.6,1.8,7.5,5.7,1.5,4.0,Low
S1526,2.8,0.7,4.3,2.5,1.2,2.06,Medium
S1527,7.0,3.4,4.3,1.9,1.0,2.86,Medium
S1528,3.1,4.8,8.5,1.7,1.3,4.0,Medium
S1529,4.5,3.6,7.0,1.4,2.2,4.0,Low
S1530,4.6,2.3,6.3,2.0,1.3,3.81,Low
S1531,1.8,3.5,5.3,0.8,2.0,1.99,Low
S1532,5.3,1.4,8.1,4.2,1.0,4.0,Low
S1533,9.1,1.0,10.3,5.4,2.1,3.13,Medium
S1534,3.5,2.1,4.5,2.6,2.2,3.27,Medium
S1535,4.7,1.7,7.4,5.5,0.4,3.67,Low
S1536,6.8,1.0,7.7,2.1,0.9,4.0,Low
S1537,9.6,0.4,6.7,0.6,1.5,2.49,High
S1538,3.1,1.9,7.8,4.8,1.6,4.0,Low
S1539,6.0,1.3,6.0,1.6,1.0,4.0,Low
S1540,5.8,4.8,5.5,3.9,2.5,3.34,Medium
S1541,5.8,1.5,5.9,0.8,1.1,4.0,Medium
S1542,7.6,2.2,7.9,2.6,0.8,3.21,Low
S1543,4.7,2.6,9.7,1.0,1.6,4.0,Low
S1544,1.9,1.7,8.6,3.4,1.4,1.18,Low
S1545,4.1,1.6,6.5,5.2,3.4,3.18,Low
S1546,8.3,2.1,7.2,1.9,2.2,3.45,Low
S1547,5.6,3.7,8.4,1.9,2.2,4.0,Low
S1548,3.4,0.2,6.8,2.4,1.7,4.0,Low
S1549,3.5,4.1,5.9,1.9,1.5,3.55,Medium
S1550,4.0,1.2,8.0,4.7,1.5,4.0,Low
S1551,7.0,3.3,5.1,6.7,2.5,3.63,Medium
S1552,3.0,1.1,8.2,3.0,2.4,4.0,Low
S1553,7.3,2.7,7.8,0.5,1.1,3.26,Low
S1554,6.8,3.6,6.1,0.8,3.1,4.0,Low
S1555,4.4,1.0,7.0,4.7,0.9,3.73,Low
S1556,11.1,1.3,7.3,6.1,0.8,3.06,Medium
S1557,10.4,4.8,9.1,1.9,1.9,3.46,High
S1558,4.4,1.3,6.7,4.9,1.5,3.6,Low
S1559,5.6,5.6,6.6,3.7,1.2,4.0,Medium
S1560,9.7,2.5,8.3,1.2,0.9,3.24,Medium
S1561,5.4,0.4,5.8,3.2,0.2,3.53,Medium
S1562,5.9,4.6,7.6,2.7,3.1,3.98,Low
S1563,7.6,1.3,5.0,4.1,1.7,3.3,Medium
S1564,6.3,5.4,7.1,1.3,2.6,4.0,Low
S1565,3.9,3.5,9.8,4.2,1.8,3.15,Low
S1566,4.5,2.9,8.2,4.1,0.9,3.81,Low
S1567,5.3,3.6,6.9,3.3,2.3,3.51,Low
S1568,9.0,1.2,10.6,1.4,0.2,3.52,Medium
S1569,8.9,1.5,8.1,5.0,2.7,3.41,Low
S1570,4.8,4.0,6.4,3.6,1.6,3.9,Low
S1571,6.4,5.1,4.3,3.5,2.7,2.75,Medium
S1572,5.8,1.8,5.2,5.3,1.6,3.79,Medium
S1573,9.6,3.7,7.9,0.3,1.4,3.44,Medium
S1574,5.5,1.5,5.6,3.6,0.6,3.25,Medium
S1575,2.4,1.9,8.0,3.4,1.4,2.21,Low
S1576,9.6,0.7,7.8,5.7,2.5,3.89,Medium
S1577,3.5,1.6,8.0,1.2,2.5,4.0,Low
S1578,2.8,3.2,7.8,5.2,0.4,2.78,Low
S1579,1.9,1.9,5.2,3.4,3.0,2.13,Low
S1580,1.1,1.2,4.0,2.3,3.0,1.1,Medium
S1581,2.8,2.7,6.8,6.3,0.7,1.5,Low
S1582,8.6,2.7,7.5,3.3,0.6,3.15,Low
S1583,5.0,5.9,8.7,5.7,2.5,3.73,Medium
S1584,1.3,1.7,4.9,3.0,2.0,1.1,Medium
S1585,8.7,3.4,9.6,0.9,0.2,2.42,High
S1586,3.9,1.7,5.9,3.2,1.4,4.0,Medium
S1587,5.4,3.0,6.5,2.0,0.8,4.0,Low
S1588,7.4,3.0,5.7,3.6,1.7,2.86,Medium
S1589,5.3,2.5,7.0,3.4,2.2,4.0,Low
S1590,3.1,0.8,10.1,6.6,0.5,3.36,Medium
S1591,5.0,1.3,6.9,5.1,3.2,3.38,Low
S1592,6.1,1.7,9.3,5.5,1.7,4.0,Low
S1593,4.3,1.6,4.0,5.0,1.4,2.9,Medium
S1594,8.0,1.1,8.9,5.8,3.2,2.5,Low
S1595,4.7,1.4,6.5,2.3,0.8,3.54,Low
S1596,8.6,0.5,7.6,4.6,2.3,4.0,Low
S1597,8.8,3.3,9.5,2.3,1.6,3.19,Low
S1598,3.9,1.3,4.0,5.9,0.2,2.63,High
S1599,7.2,1.2,9.3,5.7,2.0,3.19,Medium
S1600,4.4,4.3,6.1,3.4,0.6,3.72,Medium
S1601,9.4,1.1,5.7,3.4,2.3,2.7,Medium
S1602,1.2,3.4,10.3,5.0,1.5,1.98,Low
S1603,9.1,2.0,7.1,3.0,1.4,3.84,Medium
S1604,4.2,1.5,4.1,3.5,1.0,3.46,Medium
S1605,3.2,2.9,7.8,4.6,1.6,4.0,Low
S1606,4.2,5.3,6.0,1.8,1.4,4.0,Medium
S1607,2.4,5.2,7.4,3.4,2.0,2.65,Low
S1608,6.2,3.2,6.7,4.6,1.0,3.8,Low
S1609,3.7,1.2,6.5,5.3,2.6,4.0,Low
S1610,7.0,1.5,5.3,6.8,1.9,3.27,Medium
S1611,10.7,1.8,7.9,1.9,1.0,3.2,Medium
S1612,3.4,1.5,4.1,4.2,1.5,3.04,Medium
S1613,2.8,1.2,4.8,3.7,0.6,1.34,Medium
S1614,7.0,0.8,8.6,3.1,2.6,3.71,Low
S1615,6.1,3.1,10.5,1.9,1.9,3.83,Low
S1616,1.7,1.0,7.6,3.4,1.7,2.29,Low
S1617,2.0,2.2,9.4,2.6,1.9,2.7,Low
S1618,5.5,4.0,6.5,5.7,1.0,4.0,Low
S1619,4.0,0.7,8.4,2.7,1.0,4.0,Low
S1620,8.2,2.5,7.5,3.0,1.3,3.74,Low
S1621,9.3,1.1,6.7,2.4,1.5,3.68,Medium
S1622,3.1,2.4,5.8,1.7,0.5,2.86,Medium
S1623,7.4,2.1,7.5,4.4,2.0,2.9,Low
S1624,4.6,2.9,7.0,5.3,2.8,4.0,Low
S1625,3.4,1.1,7.6,2.2,0.3,4.0,Low
S1626,9.5,3.2,8.2,1.8,1.0,3.91,Medium
S1627,5.5,1.2,6.1,2.3,0.8,3.88,Low
S1628,3.3,0.5,7.6,6.9,1.2,4.0,Low
S1629,3.0,2.6,9.3,4.8,1.9,3.93,Low
S1630,2.7,3.1,8.0,6.7,1.0,2.22,Low
S1631,1.8,2.5,7.9,4.8,0.9,2.03,Low
S1632,4.3,4.1,6.9,4.9,1.8,3.28,Low
S1633,7.5,1.8,8.7,2.1,1.7,3.26,Low
S1634,4.3,1.6,10.0,1.6,2.4,3.55,Low
S1635,10.8,0.4,7.9,2.0,0.4,3.7,Medium
S1636,1.6,2.7,7.0,5.5,0.6,1.96,Low
S1637,6.7,3.1,7.7,6.3,2.5,4.0,Low
S1638,4.7,1.7,6.8,2.6,1.4,3.82,Low
S1639,10.6,0.9,9.4,3.0,1.9,3.17,Medium
S1640,4.9,2.0,6.5,6.1,2.6,4.0,Low
S1641,2.9,1.0,6.7,1.3,1.9,2.52,Low
S1642,1.5,1.7,7.8,3.0,3.5,2.15,Low
S1643,8.7,1.8,4.2,5.3,3.0,2.24,High
S1644,11.6,1.5,8.0,5.9,1.0,3.65,Medium
S1645,9.2,1.7,10.1,2.1,3.3,3.33,Medium
S1646,5.6,2.2,5.7,4.2,0.9,3.44,Medium
S1647,5.7,1.5,9.8,0.7,0.9,3.35,Low
S1648,3.8,2.3,9.0,4.3,1.8,3.36,Low
S1649,2.7,3.1,5.3,4.8,1.0,1.76,Medium
S1650,8.5,1.1,7.3,1.5,2.1,3.5,Low
S1651,9.1,2.1,7.0,6.1,1.6,4.0,Medium
S1652,6.8,1.0,8.6,2.8,0.5,3.57,Low
S1653,7.7,1.9,4.8,3.8,2.8,2.65,Medium
S1654,4.5,2.7,7.5,2.5,2.9,4.0,Low
S1655,5.4,2.2,10.7,3.1,0.8,3.91,Low
S1656,7.6,3.6,7.9,2.0,2.7,3.82,Low
S1657,8.9,1.3,5.0,6.9,2.7,3.73,Medium
S1658,5.7,0.7,8.1,3.1,1.9,4.0,Low
S1659,5.4,2.3,5.3,2.1,0.8,3.56,Medium
S1660,6.0,2.8,5.2,4.9,2.4,3.59,Low
S1661,3.8,1.6,9.6,5.1,2.1,3.75,Low
S1662,5.8,1.3,6.8,3.6,1.2,3.56,Low
S1663,7.6,3.9,6.2,5.2,0.6,2.72,Medium
S1664,2.7,2.9,6.9,5.9,1.2,2.37,Low
S1665,4.1,2.3,6.8,2.4,2.1,4.0,Low
S1666,10.5,1.6,8.0,2.6,2.0,3.93,Medium
S1667,5.2,5.6,8.1,6.5,2.6,3.81,Medium
S1668,4.6,0.4,7.1,3.1,1.6,4.0,Low
S1669,10.5,4.5,5.3,2.5,1.4,3.65,High
S1670,5.5,2.6,8.8,4.9,0.7,3.34,Low
S1671,7.0,2.1,6.1,0.9,1.5,3.41,Low
S1672,6.8,3.5,5.8,0.9,2.7,3.58,Low
S1673,1.6,4.7,7.5,2.3,1.0,2.59,Medium
S1674,3.3,2.4,7.4,2.2,0.4,3.9,Low
S1675,2.1,0.5,8.1,2.3,2.4,2.54,Low
S1676,5.5,3.2,6.0,1.4,1.7,3.34,Low
S1677,4.3,2.1,7.6,3.1,1.9,4.0,Low
S1678,6.9,2.5,7.8,5.5,1.4,4.0,Low
S1679,4.8,3.5,7.3,1.1,2.9,4.0,Low
S1680,4.9,1.7,4.7,3.4,1.5,2.82,Medium
S1681,2.9,2.8,8.1,4.7,2.9,2.97,Low
S1682,8.6,1.6,5.3,2.8,1.3,3.27,Medium
S1683,5.9,2.6,8.2,3.1,0.6,3.87,Low
S1684,10.4,1.0,9.8,1.2,1.0,3.54,Medium
S1685,2.2,3.2,8.8,2.8,3.1,3.03,Low
S1686,8.3,1.6,6.4,5.9,2.9,3.47,Low
S1687,10.6,4.4,5.0,5.1,1.3,3.1,High
S1688,5.7,2.4,6.2,1.1,2.9,4.0,Low
S1689,7.8,1.1,8.3,3.8,1.3,3.78,Low
S1690,6.9,2.5,7.5,1.2,1.5,4.0,Low
S1691,3.5,1.4,7.7,5.9,1.3,4.0,Low
S1692,8.6,3.4,9.0,3.3,2.3,2.75,Low
S1693,3.1,1.8,6.5,3.2,3.1,3.66,Low
S1694,4.1,2.8,9.2,6.7,2.0,3.48,Low
S1695,8.2,2.4,5.6,3.2,1.7,2.85,Medium
S1696,4.5,1.9,9.9,2.8,2.3,4.0,Low
S1697,7.3,1.5,7.3,5.7,1.5,3.73,Medium
S1698,8.1,4.0,7.3,2.6,3.1,3.85,Low
S1699,4.9,2.5,6.8,3.4,1.5,4.0,Low
S1700,3.1,0.2,5.8,4.2,0.6,3.1,Medium
S1701,9.2,1.4,5.6,1.7,0.2,3.13,High
S1702,6.2,1.3,6.0,3.0,3.3,4.0,Low
S1703,3.9,3.3,6.7,2.2,1.4,4.0,Low
S1704,2.5,4.9,5.5,5.6,2.5,2.02,Medium
S1705,10.3,2.2,8.0,2.5,0.9,3.13,Medium
S1706,10.7,0.9,7.4,3.8,1.6,3.54,Medium
S1707,6.5,1.0,7.2,2.2,3.2,4.0,Low
S1708,3.8,2.4,9.1,4.2,1.3,3.46,Low
S1709,4.6,2.2,5.4,3.8,1.2,3.93,Medium
S1710,6.1,1.9,5.6,4.7,1.5,3.98,Medium
S1711,3.7,1.3,5.3,4.7,1.0,3.02,Medium
S1712,5.9,4.2,8.9,2.9,0.2,4.0,Medium
S1713,4.9,2.7,7.2,3.9,0.8,3.67,Low
S1714,7.3,1.8,8.0,0.9,1.3,3.75,Low
S1715,6.9,1.4,8.4,3.8,1.8,4.0,Low
S1716,6.0,2.2,7.9,2.8,0.9,3.54,Low
S1717,3.7,0.2,6.1,4.5,2.4,4.0,Low
S1718,6.9,3.3,4.6,1.9,0.2,2.9,High
S1719,7.0,1.8,8.4,2.4,2.5,4.0,Low
S1720,4.4,2.0,6.3,4.6,0.6,3.45,Low
S1721,4.4,3.9,4.5,6.3,3.6,2.92,Medium
S1722,4.6,3.5,7.4,3.9,2.3,4.0,Low
S1723,3.0,3.9,7.9,3.5,2.8,4.0,Low
S1724,4.9,2.3,4.3,6.5,0.7,2.89,Medium
S1725,6.8,2.3,3.9,6.1,2.7,2.53,Medium
S1726,3.0,1.9,5.9,3.1,3.4,3.84,Low
S1727,5.9,4.3,7.7,3.0,2.7,4.0,Low
S1728,4.1,1.1,8.8,3.5,2.8,3.77,Low
S1729,9.7,0.7,7.0,2.5,1.9,3.6,Medium
S1730,5.8,3.2,5.1,5.0,1.8,4.0,Low
S1731,9.9,1.8,4.9,3.1,0.6,2.05,High
S1732,4.5,0.8,7.5,3.5,1.1,4.0,Low
S1733,9.2,1.7,6.8,3.3,0.6,2.75,Medium
S1734,2.6,1.9,7.4,3.2,2.1,2.99,Low
S1735,2.4,1.6,8.6,1.1,2.7,2.88,Low
S1736,3.2,0.8,5.6,1.4,1.1,3.53,Medium
S1737,5.5,2.7,8.4,3.9,1.8,4.0,Low
S1738,4.8,3.9,5.7,0.3,2.0,3.05,Medium
S1739,3.6,4.3,8.9,1.1,0.7,4.0,Medium
S1740,4.0,3.2,7.4,2.3,0.3,4.0,Low
S1741,7.3,1.4,8.7,2.7,1.7,2.93,Low
S1742,7.6,2.1,5.5,5.9,0.9,2.64,Medium
S1743,1.9,0.4,7.5,4.0,1.1,1.96,Low
S1744,6.7,0.7,9.5,1.9,3.9,3.62,Low
S1745,3.4,3.5,5.7,1.1,2.8,3.92,Low
S1746,6.9,2.5,8.8,2.3,1.6,4.0,Low
S1747,5.3,1.8,9.1,1.6,0.8,4.0,Low
S1748,3.5,1.9,9.7,2.0,2.0,4.0,Low
S1749,7.2,2.1,9.6,4.4,1.4,3.63,Medium
S1750,6.0,4.2,6.4,2.2,0.9,3.89,Medium
S1751,2.1,0.6,9.0,4.1,2.0,2.62,Low
S1752,5.2,4.1,6.4,6.1,2.1,3.9,Medium
S1753,3.9,2.6,7.1,1.5,1.8,4.0,Low
S1754,9.9,2.9,9.0,4.1,1.2,3.06,Medium
S1755,5.5,3.0,9.9,2.0,2.8,4.0,Low
S1756,9.5,2.0,9.8,4.2,0.4,2.97,Medium
S1757,9.1,2.3,6.8,3.4,0.8,3.18,Medium
S1758,1.7,1.6,3.3,2.7,2.2,1.16,Medium
S1759,7.8,4.8,7.5,2.0,3.0,3.92,Medium
S1760,6.8,4.6,8.0,2.5,2.1,4.0,Low
S1761,2.2,1.9,6.6,1.6,0.3,2.31,Low
S1762,7.8,5.4,6.3,3.6,3.1,2.84,Medium
S1763,3.3,3.2,8.2,1.2,2.7,4.0,Low
S1764,5.6,1.6,9.3,2.5,0.4,3.07,Low
S1765,4.2,2.4,6.6,2.1,0.7,3.38,Low
S1766,6.2,3.2,6.5,5.9,1.7,3.34,Low
S1767,5.0,2.9,9.8,4.9,0.4,3.39,Low
S1768,4.2,3.2,8.6,4.4,3.6,3.19,Low
S1769,4.0,4.2,8.3,2.5,2.2,4.0,Low
S1770,5.6,1.6,7.7,3.9,0.9,3.93,Low
S1771,2.0,2.1,7.3,5.6,3.1,3.29,Low
S1772,5.0,3.4,5.6,2.5,1.9,4.0,Low
S1773,1.8,3.3,8.7,2.6,1.4,2.12,Low
S1774,4.1,1.7,7.8,3.4,0.8,4.0,Low
S1775,4.2,4.4,7.8,7.2,2.3,4.0,Medium
S1776,4.4,4.1,8.8,0.6,1.8,4.0,Low
S1777,4.5,2.0,8.7,2.2,3.2,4.0,Low
S1778,6.6,1.5,6.2,5.2,2.3,3.49,Low
S1779,4.3,2.5,4.4,1.8,1.5,3.26,Medium
S1780,6.8,4.7,7.2,3.6,3.5,4.0,Low
S1781,6.4,0.5,8.0,5.9,2.4,4.0,Low
S1782,11.1,0.9,7.7,2.1,1.9,4.0,Medium
S1783,6.1,1.2,5.6,3.7,0.7,3.72,Medium
S1784,4.3,2.3,9.6,1.9,1.3,3.85,Low
S1785,6.1,3.4,9.2,6.0,2.4,3.5,Low
S1786,7.0,3.0,4.2,5.2,1.0,2.9,Medium
S1787,4.9,3.0,6.7,2.8,0.5,4.0,Low
S1788,9.3,2.0,6.7,4.2,3.2,2.94,Medium
S1789,4.0,2.1,8.4,3.7,0.7,3.65,Low
S1790,5.4,2.4,9.0,2.9,1.1,4.0,Low
S1791,3.8,4.2,5.3,2.8,0.9,3.66,Medium
S1792,4.4,1.8,8.8,3.4,2.2,4.0,Low
S1793,9.0,4.4,6.2,6.5,0.3,3.05,Medium
S1794,4.0,1.6,6.1,3.7,1.4,3.72,Low
S1795,7.1,4.3,7.8,1.8,3.1,3.59,Medium
S1796,2.7,2.6,4.9,1.5,1.1,1.56,Medium
S1797,4.0,2.7,8.6,4.6,1.0,3.58,Low
S1798,6.9,2.7,6.2,3.4,2.2,3.21,Low
S1799,2.2,0.3,6.8,1.5,2.0,2.4,Low
S1800,3.6,2.5,4.9,0.6,0.5,2.27,Medium
S1801,10.0,1.1,7.9,1.0,0.7,2.56,Medium
S1802,9.9,4.8,8.3,3.6,1.4,3.84,High
S1803,4.5,4.8,7.4,3.5,1.0,4.0,Medium
S1804,2.9,3.9,3.9,5.2,0.7,1.0,Medium
S1805,8.8,3.3,5.3,3.4,1.1,3.19,Medium
S1806,4.8,2.0,5.3,2.6,2.8,3.92,Low
S1807,4.5,4.9,9.7,1.5,0.8,3.61,Medium
S1808,1.4,1.6,7.4,4.9,0.7,2.3,Low
S1809,2.9,4.5,8.2,3.6,2.3,3.26,Low
S1810,4.6,1.5,8.1,2.7,3.5,4.0,Low
S1811,4.4,4.5,9.5,2.0,2.4,4.0,Medium
S1812,5.0,3.4,6.9,1.9,0.9,3.66,Low
S1813,4.9,3.4,7.4,4.1,1.1,4.0,Low
S1814,8.0,5.5,6.6,0.4,0.8,2.79,Medium
S1815,6.5,2.8,8.4,2.0,2.3,4.0,Low
S1816,5.7,1.2,6.8,5.6,1.4,4.0,Low
S1817,8.2,2.7,5.5,3.5,1.6,2.82,Medium
S1818,4.8,0.8,4.8,2.7,1.1,3.12,Medium
S1819,9.4,1.9,8.2,3.3,2.1,3.98,Medium
S1820,4.5,0.9,7.8,0.4,1.5,4.0,Low
S1821,3.5,2.8,10.2,2.9,2.5,3.43,Low
S1822,9.5,4.3,8.4,2.2,1.7,4.0,Medium
S1823,3.7,2.1,6.9,5.2,2.9,3.72,Low
S1824,8.5,1.3,7.5,0.6,1.3,3.58,Low
S1825,10.9,1.0,6.7,2.2,2.9,3.19,Medium
S1826,2.6,2.8,6.3,4.0,0.4,2.15,Low
S1827,3.1,3.1,5.6,5.4,0.5,4.0,Medium
S1828,3.5,2.8,8.0,2.3,2.6,4.0,Low
S1829,6.1,1.9,7.2,3.5,0.8,3.49,Low
S1830,4.7,3.5,6.9,6.3,1.1,3.48,Low
S1831,4.8,3.6,7.2,3.3,0.5,3.54,Low
S1832,11.8,1.7,9.1,4.1,1.2,2.9,Medium
S1833,5.7,3.9,9.1,1.6,1.2,3.91,Low
S1834,6.1,4.0,6.5,4.5,1.9,3.77,Low
S1835,4.6,1.1,8.0,5.4,2.1,4.0,Low
S1836,7.4,1.0,8.7,3.4,2.1,2.88,Low
S1837,10.4,0.9,9.2,1.4,1.3,4.0,Medium
S1838,6.9,3.9,5.0,5.0,1.5,3.85,Medium
S1839,5.0,2.1,7.0,6.4,1.7,4.0,Low
S1840,6.7,2.7,7.3,5.4,2.5,4.0,Low
S1841,3.0,4.0,6.6,2.0,2.7,4.0,Low
S1842,3.9,0.2,7.0,1.3,2.3,4.0,Low
S1843,4.0,2.1,4.7,2.1,2.4,3.32,Medium
S1844,9.3,3.1,8.5,1.3,1.0,3.51,Medium
S1845,9.0,3.2,7.6,4.0,1.3,3.51,Low
S1846,9.0,1.8,6.1,5.5,2.4,3.7,Low
S1847,5.5,1.1,5.6,3.9,1.3,3.66,Medium
S1848,7.7,1.8,5.3,0.7,1.3,3.46,Medium
S1849,9.1,1.5,5.6,6.8,0.3,2.6,High
S1850,2.1,4.5,5.1,3.4,1.0,2.62,Medium
S1851,2.5,0.7,4.9,1.1,2.3,1.06,Medium
S1852,4.8,4.6,9.3,4.3,2.8,3.74,Medium
S1853,4.3,1.9,7.5,3.7,1.5,4.0,Low
S1854,8.0,2.1,8.0,2.1,0.6,3.49,Low
S1855,4.5,2.0,3.7,5.0,1.2,2.78,Medium
S1856,3.4,4.3,7.5,6.5,3.9,4.0,Medium
S1857,4.6,1.6,8.9,7.7,1.9,3.99,Low
S1858,4.5,2.6,8.7,4.1,0.3,3.7,Low
S1859,4.4,1.1,5.7,5.9,0.4,3.29,Medium
S1860,6.2,2.5,5.6,1.6,1.0,3.69,Medium
S1861,5.4,1.6,9.7,2.9,0.5,3.43,Low
S1862,6.5,1.6,7.3,4.7,3.1,4.0,Low
S1863,3.9,1.8,6.9,6.1,2.9,3.51,Low
S1864,4.4,1.2,7.6,6.4,3.8,4.0,Low
S1865,4.6,2.7,8.9,1.4,2.1,3.6,Low
S1866,4.8,0.8,7.9,2.0,1.1,4.0,Low
S1867,3.0,4.1,7.0,3.5,1.7,3.92,Low
S1868,7.3,1.1,4.8,4.3,0.9,1.89,High
S1869,4.2,2.2,6.8,4.3,1.9,4.0,Low
S1870,4.1,1.7,6.7,2.2,3.6,4.0,Low
S1871,8.0,1.2,3.4,0.8,1.0,2.33,High
S1872,8.5,3.3,5.6,2.6,1.6,3.0,Medium
S1873,7.9,3.9,9.3,3.1,2.1,3.15,Low
S1874,3.9,2.1,7.6,2.0,0.5,3.91,Low
S1875,1.6,0.4,3.5,1.3,1.0,1.0,Medium
S1876,5.7,4.0,7.8,2.2,1.7,4.0,Low
S1877,7.0,3.3,7.7,5.5,2.8,3.8,Low
S1878,6.4,3.8,3.4,7.4,0.9,3.26,Medium
S1879,5.2,4.1,5.7,3.0,0.7,3.34,Medium
S1880,4.5,1.9,10.5,7.5,0.7,3.38,Medium
S1881,7.1,0.7,4.0,1.3,3.4,2.35,High
S1882,5.5,2.6,5.7,4.6,1.1,3.61,Medium
S1883,9.4,3.0,6.7,4.8,2.5,2.81,Medium
S1884,9.6,1.2,4.2,2.9,2.5,2.12,High
S1885,7.5,4.5,7.1,1.3,1.8,3.74,Medium
S1886,3.4,0.3,7.4,5.7,2.0,4.0,Low
S1887,10.7,0.8,9.2,5.0,1.1,3.21,Medium
S1888,3.0,2.4,6.4,4.8,2.3,4.0,Low
S1889,9.2,0.4,8.5,6.3,2.4,3.61,Medium
S1890,6.3,5.4,6.6,2.3,1.9,3.95,Low
S1891,8.1,4.7,8.5,2.8,1.9,3.79,Medium
S1892,3.7,1.2,3.1,4.3,0.7,3.05,Medium
S1893,3.8,1.6,7.2,2.6,2.0,3.86,Low
S1894,4.1,0.8,9.2,4.2,0.7,3.5,Low
S1895,2.5,5.2,7.8,2.7,2.1,3.23,Low
S1896,5.2,2.1,3.6,6.1,1.8,3.21,Medium
S1897,3.6,4.5,9.4,7.3,2.8,3.9,Medium
S1898,3.8,0.9,10.2,2.2,2.8,4.0,Low
S1899,1.4,0.4,6.9,2.0,2.1,1.77,Low
S1900,3.3,1.9,5.4,4.8,1.4,3.84,Medium
S1901,2.8,2.3,4.7,1.4,1.0,1.55,Medium
S1902,4.0,2.5,8.0,7.4,0.7,4.0,Low
S1903,2.3,3.1,8.7,5.3,2.0,2.3,Low
S1904,9.2,5.1,8.8,2.2,0.9,3.19,High
S1905,5.7,2.2,9.0,1.3,1.0,3.89,Low
S1906,4.3,1.9,7.5,1.6,2.7,4.0,Low
S1907,5.0,4.5,6.9,2.1,0.8,3.7,Medium
S1908,2.9,1.9,7.4,2.1,0.8,2.66,Low
S1909,7.5,4.8,4.8,1.6,3.3,2.61,High
S1910,4.2,2.9,4.6,2.0,2.4,3.15,Medium
S1911,5.6,4.6,6.7,5.5,1.4,4.0,Medium
S1912,8.3,1.4,7.5,1.1,2.6,3.7,Low
S1913,3.4,0.8,6.6,3.5,2.7,3.78,Low
S1914,2.4,3.4,7.3,2.9,1.1,3.13,Low
S1915,5.4,1.8,8.2,3.3,2.8,3.83,Low
S1916,8.4,2.5,5.6,3.7,1.2,3.18,Medium
S1917,8.3,2.2,8.0,1.2,1.3,3.65,Low
S1918,4.3,2.9,8.2,4.5,1.6,4.0,Low
S1919,7.9,2.1,5.0,3.4,3.2,3.21,Medium
S1920,6.4,4.6,6.7,2.3,3.5,4.0,Low
S1921,8.5,1.7,6.9,2.7,0.8,2.97,Low
S1922,8.7,1.3,7.2,0.6,2.3,3.75,Low
S1923,5.9,2.8,4.3,1.8,0.5,3.16,Medium
S1924,5.8,2.8,7.2,2.1,1.0,4.0,Low
S1925,3.1,4.0,7.5,1.7,0.8,4.0,Low
S1926,6.5,2.0,5.9,7.0,2.4,3.97,Medium
S1927,4.2,4.0,8.2,2.2,1.4,4.0,Low
S1928,7.1,1.6,8.6,7.5,0.6,2.79,Medium
S1929,5.2,3.7,8.4,4.6,1.2,4.0,Low
S1930,10.5,1.7,9.4,2.1,3.6,2.97,Medium
S1931,6.6,2.2,7.5,2.1,1.0,4.0,Low
S1932,6.1,1.0,8.8,3.6,3.3,3.59,Low
S1933,6.6,1.3,6.9,3.9,0.3,3.37,Low
S1934,5.3,1.1,7.8,3.6,1.1,3.83,Low
S1935,1.7,0.8,6.5,1.6,1.3,2.24,Low
S1936,3.8,1.8,7.5,5.4,2.3,4.0,Low
S1937,5.7,1.9,6.4,5.6,0.4,3.45,Low
S1938,6.1,2.3,4.8,2.1,2.9,3.22,Medium
S1939,5.7,2.0,4.5,4.3,2.1,3.07,Medium
S1940,4.9,2.7,5.7,6.3,1.8,4.0,Medium
S1941,4.2,2.1,8.5,1.6,1.1,4.0,Low
S1942,7.7,1.1,8.2,1.0,0.2,3.84,Medium
S1943,9.0,2.6,6.4,1.9,1.9,3.38,Low
S1944,10.8,2.9,6.8,3.1,2.0,3.1,Medium
S1945,2.8,1.7,4.6,1.1,0.9,1.85,Medium
S1946,5.3,1.8,4.6,3.4,1.0,2.98,Medium
S1947,6.2,5.2,4.9,1.8,1.5,3.11,High
S1948,11.2,1.0,4.3,5.4,3.1,2.51,High
S1949,2.7,1.0,4.0,1.3,0.9,1.41,Medium
S1950,7.6,3.5,7.1,4.9,1.8,3.62,Low
S1951,4.2,2.6,7.1,5.1,3.5,4.0,Low
S1952,2.8,3.5,6.4,0.8,1.2,2.15,Low
S1953,6.1,1.0,9.4,1.1,3.1,3.7,Low
S1954,4.7,3.4,7.4,4.0,1.3,4.0,Low
S1955,5.3,5.5,5.6,2.7,1.1,4.0,Medium
S1956,4.1,0.9,3.6,2.8,1.3,3.43,Medium
S1957,11.0,2.2,5.9,5.7,1.5,2.85,High
S1958,4.6,4.8,7.4,2.4,1.9,4.0,Low
S1959,9.2,1.6,7.0,6.6,0.8,3.53,Medium
S1960,6.7,1.8,6.2,4.1,0.9,3.95,Low
S1961,4.9,1.3,3.5,6.8,1.4,2.6,Medium
S1962,7.7,3.6,4.9,5.9,0.9,2.12,High
S1963,6.2,5.4,9.1,6.6,1.2,4.0,Medium
S1964,3.2,3.0,6.2,2.4,2.0,4.0,Low
S1965,5.2,3.7,5.2,4.8,0.5,3.67,Medium
S1966,8.4,1.5,6.2,3.3,0.9,2.47,Medium
S1967,7.9,3.5,5.2,2.9,2.4,3.65,Medium
S1968,2.3,2.7,5.2,5.1,1.2,1.87,Medium
S1969,4.0,3.9,4.3,2.6,1.3,3.34,Medium
S1970,7.3,0.8,8.0,3.2,2.9,3.52,Low
S1971,4.2,2.6,7.0,3.1,1.4,4.0,Low
S1972,5.1,4.9,5.9,4.1,3.2,3.57,Medium
S1973,6.6,4.1,8.7,2.5,1.8,4.0,Low
S1974,3.8,3.4,7.1,2.7,1.0,4.0,Low
S1975,11.7,0.8,4.2,1.9,3.4,2.42,High
S1976,10.4,1.1,4.8,1.3,1.7,2.61,High
S1977,7.6,1.9,10.2,2.8,0.8,3.59,Medium
S1978,8.2,2.2,7.4,2.1,1.9,3.69,Low
S1979,10.9,0.7,9.1,3.4,1.0,3.09,Medium
S1980,4.3,1.3,5.8,5.2,1.8,3.98,Medium
S1981,9.2,1.4,5.0,0.3,1.6,3.32,High
S1982,7.6,0.4,8.6,2.2,0.8,2.89,Low
S1983,3.7,2.2,6.7,2.2,0.8,3.48,Low
S1984,3.8,1.4,5.1,3.4,1.8,4.0,Low
S1985,6.9,3.1,6.1,2.3,2.0,3.65,Low
S1986,4.6,1.6,4.7,5.1,2.7,2.82,Medium
S1987,3.7,0.8,8.1,1.8,1.3,4.0,Low
S1988,3.6,1.8,5.1,1.1,3.7,4.0,Low
S1989,6.5,2.5,8.3,5.2,2.5,3.94,Low
S1990,10.8,3.0,9.8,1.8,2.7,3.75,Medium
S1991,4.3,5.5,5.2,3.2,2.4,3.45,Medium
S1992,10.9,2.1,7.4,0.9,2.6,2.85,Medium
S1993,6.4,2.0,3.7,3.6,0.2,2.55,High
S1994,6.5,0.7,6.2,1.5,1.8,3.84,Low
S1995,6.5,3.3,5.9,1.2,0.6,3.89,Medium
S1996,3.7,1.5,4.8,3.6,2.0,2.97,Medium
S1997,6.4,4.1,6.9,1.5,1.1,4.0,Medium
S1998,5.6,3.1,7.6,5.6,1.8,4.0,Low
S1999,7.6,1.5,7.8,5.8,1.3,3.82,Medium
S2000,2.4,2.6,5.0,6.7,2.5,2.57,Medium
